$date
	Thu Sep  3 01:38:39 2026
$end
$version
	Icarus Verilog
$end
$timescale
	1ps
$end
$scope module vector_alu_tb $end
$var wire 128 ! result [127:0] $end
$var reg 128 " a [127:0] $end
$var reg 2 # alu_op [1:0] $end
$var reg 128 $ b [127:0] $end
$scope module dut $end
$var wire 128 % a [127:0] $end
$var wire 2 & alu_op [1:0] $end
$var wire 128 ' b [127:0] $end
$var wire 128 ( result [127:0] $end
$scope begin g_alu_lanes[0] $end
$var parameter 2 ) i $end
$scope module alu_inst $end
$var wire 32 * a [31:0] $end
$var wire 2 + alu_op [1:0] $end
$var wire 32 , b [31:0] $end
$var parameter 2 - OP_ADD $end
$var parameter 2 . OP_AND $end
$var parameter 2 / OP_OR $end
$var parameter 2 0 OP_SUB $end
$var reg 32 1 result [31:0] $end
$upscope $end
$upscope $end
$scope begin g_alu_lanes[1] $end
$var parameter 2 2 i $end
$scope module alu_inst $end
$var wire 32 3 a [31:0] $end
$var wire 2 4 alu_op [1:0] $end
$var wire 32 5 b [31:0] $end
$var parameter 2 6 OP_ADD $end
$var parameter 2 7 OP_AND $end
$var parameter 2 8 OP_OR $end
$var parameter 2 9 OP_SUB $end
$var reg 32 : result [31:0] $end
$upscope $end
$upscope $end
$scope begin g_alu_lanes[2] $end
$var parameter 3 ; i $end
$scope module alu_inst $end
$var wire 32 < a [31:0] $end
$var wire 2 = alu_op [1:0] $end
$var wire 32 > b [31:0] $end
$var parameter 2 ? OP_ADD $end
$var parameter 2 @ OP_AND $end
$var parameter 2 A OP_OR $end
$var parameter 2 B OP_SUB $end
$var reg 32 C result [31:0] $end
$upscope $end
$upscope $end
$scope begin g_alu_lanes[3] $end
$var parameter 3 D i $end
$scope module alu_inst $end
$var wire 32 E a [31:0] $end
$var wire 2 F alu_op [1:0] $end
$var wire 32 G b [31:0] $end
$var parameter 2 H OP_ADD $end
$var parameter 2 I OP_AND $end
$var parameter 2 J OP_OR $end
$var parameter 2 K OP_SUB $end
$var reg 32 L result [31:0] $end
$upscope $end
$upscope $end
$upscope $end
$scope begin $unm_blk_2 $end
$var reg 32 M expected [31:0] $end
$var integer 32 N error_count [31:0] $end
$var integer 32 O i [31:0] $end
$var integer 32 P j [31:0] $end
$upscope $end
$upscope $end
$enddefinitions $end
$comment Show the parameter values. $end
$dumpall
b1 K
b11 J
b10 I
b0 H
b11 D
b1 B
b11 A
b10 @
b0 ?
b10 ;
b1 9
b11 8
b10 7
b0 6
b1 2
b1 0
b11 /
b10 .
b0 -
b0 )
$end
#0
$dumpvars
b0 P
b0 O
b0 N
bx M
b0 L
b0 G
b0 F
b0 E
b0 C
b0 >
b0 =
b0 <
b0 :
b0 5
b0 4
b0 3
b0 1
b0 ,
b0 +
b0 *
b0 (
b0 '
b0 &
b0 %
b0 $
b0 #
b0 "
b0 !
$end
#10000
b10001010000000000 1
b100000000101011000000001 :
b10000110100110010001100100001101 C
b100000000000000000100001101001100100011001000011010000000010000000010101100000000100000000000000010001010000000000 !
b100000000000000000100001101001100100011001000011010000000010000000010101100000000100000000000000010001010000000000 (
b100000000000000000 L
b1001001101110101001000010010 G
b110010110000101000010001100101 E
b11000110110111111001100110001101 >
b10000110101110010111101100001101 <
b110001111100000101011001100011 5
b100100001001101011000001001 3
b1000000100010010101111010000001 ,
b10010010000101010011010100100100 *
b10 #
b10 &
b10 +
b10 4
b10 =
b10 F
b100 P
b1001001101110101001000010010110001101101111110011001100011010011000111110000010101100110001101000000100010010101111010000001 $
b1001001101110101001000010010110001101101111110011001100011010011000111110000010101100110001101000000100010010101111010000001 '
b110010110000101000010001100101100001101011100101111011000011010000010010000100110101100000100110010010000101010011010100100100 "
b110010110000101000010001100101100001101011100101111011000011010000010010000100110101100000100110010010000101010011010100100100 %
#11000
b100000000000000000 M
b100 P
#20000
b11001011101100111101101110010111 1
b10100111101110010111010101010000 :
b11001001001100000000110110010011 C
b1111111010000000000001110010010011000000001101100100111010011110111001011101010101000011001011101100111101101110010111 !
b1111111010000000000001110010010011000000001101100100111010011110111001011101010101000011001011101100111101101110010111 (
b1111111010000000000001 L
b1100010111101111000010011000101 G
b1100011001101110010010011000110 E
b11111100111111011110100111111001 >
b11000110001011011111011110001100 <
b11110110110101000101011111101101 5
b10011110100011011100110100111101 3
b10111011001000111111000101110110 ,
b10000110110101111100110100001101 *
b1 #
b1 &
b1 +
b1 4
b1 =
b1 F
b1100010111101111000010011000101111111001111110111101001111110011111011011010100010101111110110110111011001000111111000101110110 $
b1100010111101111000010011000101111111001111110111101001111110011111011011010100010101111110110110111011001000111111000101110110 '
b1100011001101110010010011000110110001100010110111110111100011001001111010001101110011010011110110000110110101111100110100001101 "
b1100011001101110010010011000110110001100010110111110111100011001001111010001101110011010011110110000110110101111100110100001101 %
b100 P
b1 O
#21000
b1111111010000000000001 M
b100 P
#30000
b110010100000100111001001100101 1
b1001000001101001000000010 :
b1100001001100000000000011000010 C
b1100000000000000100101011000000011000010011000000000000110000100000000100100000110100100000001000110010100000100111001001100101 !
b1100000000000000100101011000000011000010011000000000000110000100000000100100000110100100000001000110010100000100111001001100101 (
b1100000000000000100101011000000 L
b1100010110010100100111011000101 G
b1110100000000000111101011101000 E
b1100111011101101001011011001110 >
b11111001001100000110100111110010 <
b11000111111011001101101110001111 5
b1001001100101101011000010010 3
b111011110100100111001001110111 ,
b11110010101011111111011111100101 *
b10 #
b10 &
b10 +
b10 4
b10 =
b10 F
b1100010110010100100111011000101011001110111011010010110110011101100011111101100110110111000111100111011110100100111001001110111 $
b1100010110010100100111011000101011001110111011010010110110011101100011111101100110110111000111100111011110100100111001001110111 '
b1110100000000000111101011101000111110010011000001101001111100100000100100110010110101100001001011110010101011111111011111100101 "
b1110100000000000111101011101000111110010011000001101001111100100000100100110010110101100001001011110010101011111111011111100101 %
b100 P
b10 O
#31000
b1100000000000000100101011000000 M
b100 P
#40000
b1000111111000101101000010010000 1
b101101111100010000000010 :
b1000101001110000110010010001010 C
b10111010111010111101101101110110010001010011100001100100100010100000000010110111110001000000001001000111111000101101000010010000 !
b10111010111010111101101101110110010001010011100001100100100010100000000010110111110001000000001001000111111000101101000010010000 (
b10111010111010111101101101110110 L
b11010101011110000100010110101010 G
b10010000011001000010000100100000 E
b1000000001110110010001010000000 >
b10000101011100111000011100001010 <
b110001111011110110001001100011 5
b110010101001110010011001100101 3
b10110101010110101100000101101 ,
b1011110100011100010100010111101 *
b1 #
b1 &
b1 +
b1 4
b1 =
b1 F
b11010101011110000100010110101010010000000011101100100010100000000011000111101111011000100110001100010110101010110101100000101101 $
b11010101011110000100010110101010010000000011101100100010100000000011000111101111011000100110001100010110101010110101100000101101 '
b10010000011001000010000100100000100001010111001110000111000010100011001010100111001001100110010101011110100011100010100010111101 "
b10010000011001000010000100100000100001010111001110000111000010100011001010100111001001100110010101011110100011100010100010111101 %
b100 P
b11 O
#41000
b10111010111010111101101101110110 M
b100 P
#50000
b1001000000000011100000010010 1
b101001000001000000000001 :
b100000100001100000100001000001 C
b1000101100000101000000010001000001000011000001000010000010000000010100100000100000000000100001001000000000011100000010010 !
b1000101100000101000000010001000001000011000001000010000010000000010100100000100000000000100001001000000000011100000010010 (
b1000101100000101000000010 L
b1010111010101100011111010101110 G
b1000101110100101000000010 E
b1101010101001100010101011010101 >
b10110101100111111101110101101011 <
b101001101001111101011001010011 5
b110101111000011100000001101 3
b1001100000111011100000010011 ,
b1001011001000000011111010010110 *
b10 #
b10 &
b10 +
b10 4
b10 =
b10 F
b1010111010101100011111010101110011010101010011000101010110101010010100110100111110101100101001100001001100000111011100000010011 $
b1010111010101100011111010101110011010101010011000101010110101010010100110100111110101100101001100001001100000111011100000010011 '
b1000101110100101000000010101101011001111111011101011010110000011010111100001110000000110101001011001000000011111010010110 "
b1000101110100101000000010101101011001111111011101011010110000011010111100001110000000110101001011001000000011111010010110 %
b100 P
b100 O
#51000
b1000101100000101000000010 M
b100 P
#60000
b11010110010000010010100110101100 1
b11111100101100101101001000000 :
b100100110010001000111001001010 C
b100100011010011010111001001001001001001100100010001110010010100001111110010110010110100100000011010110010000010010100110101100 !
b100100011010011010111001001001001001001100100010001110010010100001111110010110010110100100000011010110010000010010100110101100 (
b100100011010011010111001001001 L
b10100000110001001011001101000001 G
b11000101001011100110000110001010 E
b11111001011010001011110111110010 >
b11110001100010100110000111100 <
b1100101011100110000101011001010 5
b10000101000010010110010100001010 3
b10010001100001000100100100100011 ,
b1100111110001010111001011001111 *
b1 #
b1 &
b1 +
b1 4
b1 =
b1 F
b10100000110001001011001101000001111110010110100010111101111100100110010101110011000010101100101010010001100001000100100100100011 $
b10100000110001001011001101000001111110010110100010111101111100100110010101110011000010101100101010010001100001000100100100100011 '
b11000101001011100110000110001010000111100011000101001100001111001000010100001001011001010000101001100111110001010111001011001111 "
b11000101001011100110000110001010000111100011000101001100001111001000010100001001011001010000101001100111110001010111001011001111 %
b100 P
b101 O
#61000
b100100011010011010111001001001 M
b100 P
#70000
b101010110000011000000001 1
b11010000110001110111001110100001 :
b10111010011000010000110101110100 C
b11110011100001001101111111100110101110100110000100001101011101001101000011000111011100111010000100000000101010110000011000000001 !
b11110011100001001101111111100110101110100110000100001101011101001101000011000111011100111010000100000000101010110000011000000001 (
b11110011100001001101111111100110 L
b10010101000011111101110100101010 G
b1011110011101010000001010111100 E
b11010111000101010001001110101110 >
b11100011010010111111100111000110 <
b11011011000000100110010110110110 5
b11110101110001010000110111101011 3
b1000100100010100001001010001001 ,
b10111100001000001111001101111000 *
b0 #
b0 &
b0 +
b0 4
b0 =
b0 F
b10010101000011111101110100101010110101110001010100010011101011101101101100000010011001011011011001000100100010100001001010001001 $
b10010101000011111101110100101010110101110001010100010011101011101101101100000010011001011011011001000100100010100001001010001001 '
b1011110011101010000001010111100111000110100101111111001110001101111010111000101000011011110101110111100001000001111001101111000 "
b1011110011101010000001010111100111000110100101111111001110001101111010111000101000011011110101110111100001000001111001101111000 %
b100 P
b110 O
#71000
b11110011100001001101111111100110 M
b100 P
#80000
b11111010111101111111111111110101 1
b10111111111111100111010101111111 :
b10111111001001110011001101111110 C
b11111010111110111101101111110101101111110010011100110011011111101011111111111110011101010111111111111010111101111111111111110101 !
b11111010111110111101101111110101101111110010011100110011011111101011111111111110011101010111111111111010111101111111111111110101 (
b11111010111110111101101111110101 L
b11111000110110011001101111110001 G
b10001010101010100100101100010101 E
b111111001000110011001001111110 >
b10011101000001100011001100111010 <
b11101110011000110000000111011 5
b10100111111100100101010101001111 3
b11000010111100100100000110000101 ,
b111000100101111011111001110001 *
b11 #
b11 &
b11 +
b11 4
b11 =
b11 F
b11111000110110011001101111110001001111110010001100110010011111100001110111001100011000000011101111000010111100100100000110000101 $
b11111000110110011001101111110001001111110010001100110010011111100001110111001100011000000011101111000010111100100100000110000101 '
b10001010101010100100101100010101100111010000011000110011001110101010011111110010010101010100111100111000100101111011111001110001 "
b10001010101010100100101100010101100111010000011000110011001110101010011111110010010101010100111100111000100101111011111001110001 %
b100 P
b111 O
#81000
b11111010111110111101101111110101 M
b100 P
#90000
b1010111010110010000001010101110 1
b10010111010110101111011100101110 :
b1011000001110110000101010101111 C
b1111110010000011110101011111011010110000011101100001010101011111001011101011010111101110010111001010111010110010000001010101110 !
b1111110010000011110101011111011010110000011101100001010101011111001011101011010111101110010111001010111010110010000001010101110 (
b1111110010000011110101011111011 L
b101110011111011001010001011100 G
b1001111110001000101011010011111 E
b1011011110011010110000010110111 >
b11111100011011011010100111111000 <
b11000111101110011010000110001111 5
b11001111101000010101010110011111 3
b10100110001101011111101101001100 ,
b10110001001000110000011101100010 *
b0 #
b0 &
b0 +
b0 4
b0 =
b0 F
b101110011111011001010001011100010110111100110101100000101101111100011110111001101000011000111110100110001101011111101101001100 $
b101110011111011001010001011100010110111100110101100000101101111100011110111001101000011000111110100110001101011111101101001100 '
b1001111110001000101011010011111111111000110110110101001111110001100111110100001010101011001111110110001001000110000011101100010 "
b1001111110001000101011010011111111111000110110110101001111110001100111110100001010101011001111110110001001000110000011101100010 %
b100 P
b1000 O
#91000
b1111110010000011110101011111011 M
b100 P
#100000
b11100100111111100011011111001001 1
b1101011111111111111111011010111 :
b11101011111001111111111111010111 C
b11100111001111011111111111001110111010111110011111111111110101110110101111111111111111101101011111100100111111100011011111001001 !
b11100111001111011111111111001110111010111110011111111111110101110110101111111111111111101101011111100100111111100011011111001001 (
b11100111001111011111111111001110 L
b1100001001011001100111011000010 G
b10000110000111010111111100001100 E
b11001011001000010010111110010110 >
b101000110001111111110001010001 <
b1101011111111101100000011010111 5
b1101000001000110011111011010000 3
b100100101011100011001001001001 ,
b11000100110111100011011110001001 *
b11 #
b11 &
b11 +
b11 4
b11 =
b11 F
b1100001001011001100111011000010110010110010000100101111100101100110101111111110110000001101011100100100101011100011001001001001 $
b1100001001011001100111011000010110010110010000100101111100101100110101111111110110000001101011100100100101011100011001001001001 '
b10000110000111010111111100001100001010001100011111111100010100010110100000100011001111101101000011000100110111100011011110001001 "
b10000110000111010111111100001100001010001100011111111100010100010110100000100011001111101101000011000100110111100011011110001001 %
b100 P
b1001 O
#101000
b11100111001111011111111111001110 M
b100 P
#110000
b11101111111110111111111111011111 L
b10111110111111011110011101111101 C
b10111111000011011101101101111110 :
b11101111111110111111111111011111101111101111110111100111011111011011111100001101110110110111111010111111111100101111111101111111 !
b11101111111110111111111111011111101111101111110111100111011111011011111100001101110110110111111010111111111100101111111101111111 (
b10111111111100101111111101111111 1
b1101001111010111111011011010011 G
b10001111110100101000111100011111 E
b10011100110110011110011100111001 >
b10110110111001011000000101101101 <
b111111000001010000000001111110 5
b10001001000011001101101100010010 3
b10011110111100101110110100111101 ,
b111011100000100101101001110111 *
b1101001111010111111011011010011100111001101100111100111001110010011111100000101000000000111111010011110111100101110110100111101 $
b1101001111010111111011011010011100111001101100111100111001110010011111100000101000000000111111010011110111100101110110100111101 '
b10001111110100101000111100011111101101101110010110000001011011011000100100001100110110110001001000111011100000100101101001110111 "
b10001111110100101000111100011111101101101110010110000001011011011000100100001100110110110001001000111011100000100101101001110111 %
b100 P
b1010 O
#111000
b11101111111110111111111111011111 M
b100 P
#120000
b10001110001110100010111100011101 1
b10000100100110001001110100001010 :
b11101000111101110100101111010010 C
b11111100001001010010101111111000111010001111011101001011110100101000010010011000100111010000101010001110001110100010111100011101 !
b11111100001001010010101111111000111010001111011101001011110100101000010010011000100111010000101010001110001110100010111100011101 (
b11111100001001010010101111111000 L
b1000111000110100000110010001110 G
b1000011001111110011100010000110 E
b10101100000101010110001101011000 >
b10010101000011001010111100101010 <
b11111111100101010111000111111 5
b10100100100010110100101101001001 3
b10101101110110100101100101011011 ,
b111100000101001000100001111000 *
b1 #
b1 &
b1 +
b1 4
b1 =
b1 F
b1000111000110100000110010001110101011000001010101100011010110000001111111110010101011100011111110101101110110100101100101011011 $
b1000111000110100000110010001110101011000001010101100011010110000001111111110010101011100011111110101101110110100101100101011011 '
b1000011001111110011100010000110100101010000110010101111001010101010010010001011010010110100100100111100000101001000100001111000 "
b1000011001111110011100010000110100101010000110010101111001010101010010010001011010010110100100100111100000101001000100001111000 %
b100 P
b1011 O
#121000
b11111100001001010010101111111000 M
b100 P
#130000
b11111111011111011011110111111110 1
b11111001100111111011011111110011 :
b1011111110110111011101010111111 C
b10101111111110010101111101011111010111111101101110111010101111111111100110011111101101111111001111111111011111011011110111111110 !
b10101111111110010101111101011111010111111101101110111010101111111111100110011111101101111111001111111111011111011011110111111110 (
b10101111111110010101111101011111 L
b10100010001010010000110101000100 G
b101111110110000101011001011111 E
b1011001110100101001001010110011 >
b10111100110011010100000101111 <
b1010001100010111011010010100011 5
b10111001100101100001011101110011 3
b10011011111011011110000100110 ,
b11111101001101011001100111111010 *
b11 #
b11 &
b11 +
b11 4
b11 =
b11 F
b10100010001010010000110101000100010110011101001010010010101100110101000110001011101101001010001100010011011111011011110000100110 $
b10100010001010010000110101000100010110011101001010010010101100110101000110001011101101001010001100010011011111011011110000100110 '
b101111110110000101011001011111000101111001100110101000001011111011100110010110000101110111001111111101001101011001100111111010 "
b101111110110000101011001011111000101111001100110101000001011111011100110010110000101110111001111111101001101011001100111111010 %
b100 P
b1100 O
#131000
b10101111111110010101111101011111 M
b100 P
#140000
b11110010100100100001101111100101 1
b11000010110010001101000110001 :
b1001001011110111011000010011 C
b11011000000101001101001110110000000010010010111101110110000100110001100001011001000110100011000111110010100100100001101111100101 !
b11011000000101001101001110110000000010010010111101110110000100110001100001011001000110100011000111110010100100100001101111100101 (
b11011000000101001101001110110000 L
b1011010100010101110001010110101 G
b110010100111111011011001100101 E
b1101101010100110110110011011010 >
b1110110100000101110001011101101 <
b10010100110011111100000100101001 5
b10101101001010001101101101011010 3
b1110011000010010001101011100110 ,
b1100101100110110011011011001011 *
b1 #
b1 &
b1 +
b1 4
b1 =
b1 F
b1011010100010101110001010110101011011010101001101101100110110101001010011001111110000010010100101110011000010010001101011100110 $
b1011010100010101110001010110101011011010101001101101100110110101001010011001111110000010010100101110011000010010001101011100110 '
b110010100111111011011001100101011101101000001011100010111011011010110100101000110110110101101001100101100110110011011011001011 "
b110010100111111011011001100101011101101000001011100010111011011010110100101000110110110101101001100101100110110011011011001011 %
b100 P
b1101 O
#141000
b11011000000101001101001110110000 M
b100 P
#150000
b10100000111111101111000101000010 L
b1001110100001101101111010011101 C
b11010011011010110000000110100110 :
b10100000111111101111000101000010010011101000011011011110100111011101001101101011000000011010011000011010101111110001101000110101 !
b10100000111111101111000101000010010011101000011011011110100111011101001101101011000000011010011000011010101111110001101000110101 (
b11010101111110001101000110101 1
b1001101010111101011110010011010 G
b11101110010111011010110111011100 E
b10000111011011111100111100001110 >
b11010101111101101010110110101011 <
b10010101000010010000101100101010 5
b1101000011101000000110011010000 3
b10100010001100011111111101000100 ,
b10111100111100010001100101111001 *
b1001101010111101011110010011010100001110110111111001111000011101001010100001001000010110010101010100010001100011111111101000100 $
b1001101010111101011110010011010100001110110111111001111000011101001010100001001000010110010101010100010001100011111111101000100 '
b11101110010111011010110111011100110101011111011010101101101010110110100001110100000011001101000010111100111100010001100101111001 "
b11101110010111011010110111011100110101011111011010101101101010110110100001110100000011001101000010111100111100010001100101111001 %
b100 P
b1110 O
#151000
b10100000111111101111000101000010 M
b100 P
#160000
b1011111001111010000001010111111 L
b101001110000010111101001010100 C
b1110011101000000111001011100111 :
b1011111001111010000001010111111001010011100000101111010010101000111001110100000011100101110011110110110111000100001010101101101 !
b1011111001111010000001010111111001010011100000101111010010101000111001110100000011100101110011110110110111000100001010101101101 (
b10110110111000100001010101101101 1
b10111100110100011000011101111001 G
b11100000011101000101000111000 E
b11011011011011111011100110110110 >
b101001100010011010000001010 <
b110011110110010111011001100111 5
b10100111011110011110100101001110 3
b10101011000011101110110101010110 ,
b1100001111100010000001011000011 *
b10111100110100011000011101111001110110110110111110111001101101100011001111011001011101100110011110101011000011101110110101010110 $
b10111100110100011000011101111001110110110110111110111001101101100011001111011001011101100110011110101011000011101110110101010110 '
b11100000011101000101000111000000001010011000100110100000010101010011101111001111010010100111001100001111100010000001011000011 "
b11100000011101000101000111000000001010011000100110100000010101010011101111001111010010100111001100001111100010000001011000011 %
b100 P
b1111 O
#161000
b1011111001111010000001010111111 M
b100 P
#170000
b10010100001110110001110100100111 1
b101110111101101111011001011101 :
b10100110010000100100000101000 C
b100011010101001101111001000110000101001100100001001000001010000010111011110110111101100101110110010100001110110001110100100111 !
b100011010101001101111001000110000101001100100001001000001010000010111011110110111101100101110110010100001110110001110100100111 (
b100011010101001101111001000110 L
b110110101001000010011001101101 G
b11101100101100001011011111011001 E
b100110111111001101111001001101 >
b11101101110010110110100111011011 <
b101100101101111100101001011001 5
b10001111110010110000000100 3
b11001001110001100101110110010011 ,
b11001010011101001011111110010100 *
b0 #
b0 &
b0 +
b0 4
b0 =
b0 F
b110110101001000010011001101101001001101111110011011110010011010010110010110111110010100101100111001001110001100101110110010011 $
b110110101001000010011001101101001001101111110011011110010011010010110010110111110010100101100111001001110001100101110110010011 '
b11101100101100001011011111011001111011011100101101101001110110110000001000111111001011000000010011001010011101001011111110010100 "
b11101100101100001011011111011001111011011100101101101001110110110000001000111111001011000000010011001010011101001011111110010100 %
b100 P
b10000 O
#171000
b100011010101001101111001000110 M
b100 P
#180000
b11111111001111110110110111111110 1
b11101011100101110111101111010111 :
b11111011111101101111101111110111 C
b11111110111111101011111111111101111110111111011011111011111101111110101110010111011110111101011111111111001111110110110111111110 !
b11111110111111101011111111111101111110111111011011111011111101111110101110010111011110111101011111111111001111110110110111111110 (
b11111110111111101011111111111101 L
b1011010011011101011101010110100 G
b10110100100110000000011101101001 E
b11111011110100100110000111110111 >
b10000010011101001001101100000100 <
b100011000001110001101001000110 5
b11001010100100110111000110010101 3
b11011011000101110010110110110110 ,
b11100101001110110100100111001010 *
b11 #
b11 &
b11 +
b11 4
b11 =
b11 F
b1011010011011101011101010110100111110111101001001100001111101110010001100000111000110100100011011011011000101110010110110110110 $
b1011010011011101011101010110100111110111101001001100001111101110010001100000111000110100100011011011011000101110010110110110110 '
b10110100100110000000011101101001100000100111010010011011000001001100101010010011011100011001010111100101001110110100100111001010 "
b10110100100110000000011101101001100000100111010010011011000001001100101010010011011100011001010111100101001110110100100111001010 %
b100 P
b10001 O
#181000
b11111110111111101011111111111101 M
b100 P
#190000
b10101011000011001101110101010101 1
b1111011001000011100110011110101 :
b10010010101110010010100100100100 C
b10011010001011010111000100110100100101011100100101001001001000111101100100001110011001111010110101011000011001101110101010101 !
b10011010001011010111000100110100100101011100100101001001001000111101100100001110011001111010110101011000011001101110101010101 (
b10011010001011010111000100110 L
b10010100100111100000011100101001 G
b1111110101001111010011011111101 E
b10001110010000010100010100011100 >
b100011101111110010000001000 <
b10111010111001001110000101110 5
b1100011110001010011000011000111 3
b10110100100000000010000101101 ,
b10010100011111001101100100101000 *
b0 #
b0 &
b0 +
b0 4
b0 =
b0 F
b10010100100111100000011100101001100011100100000101000101000111000001011101011100100111000010111000010110100100000000010000101101 $
b10010100100111100000011100101001100011100100000101000101000111000001011101011100100111000010111000010110100100000000010000101101 '
b1111110101001111010011011111101000001000111011111100100000010000110001111000101001100001100011110010100011111001101100100101000 "
b1111110101001111010011011111101000001000111011111100100000010000110001111000101001100001100011110010100011111001101100100101000 %
b100 P
b10010 O
#191000
b10011010001011010111000100110 M
b100 P
#200000
b11101111001101010110111111011110 1
b10111111111111111110011101111111 :
b111001111101011100010001110011 C
b11111111011110111011101111111110001110011111010111000100011100111011111111111111111001110111111111101111001101010110111111011110 !
b11111111011110111011101111111110001110011111010111000100011100111011111111111111111001110111111111101111001101010110111111011110 (
b11111111011110111011101111111110 L
b10101111001110101011001101011110 G
b11011101011100011001100110111010 E
b111001111101010000010001110011 >
b111000010101011100010001110000 <
b10110011010011101010011101100110 5
b11110101101111100011000111101 3
b1101101001101000000100011011010 ,
b11000011001101010110011110000110 *
b11 #
b11 &
b11 +
b11 4
b11 =
b11 F
b10101111001110101011001101011110001110011111010100000100011100111011001101001110101001110110011001101101001101000000100011011010 $
b10101111001110101011001101011110001110011111010100000100011100111011001101001110101001110110011001101101001101000000100011011010 '
b11011101011100011001100110111010001110000101010111000100011100000001111010110111110001100011110111000011001101010110011110000110 "
b11011101011100011001100110111010001110000101010111000100011100000001111010110111110001100011110111000011001101010110011110000110 %
b100 P
b10011 O
#201000
b11111111011110111011101111111110 M
b100 P
#210000
b1000000001000000010000010000 1
b11000100000000000000000110001 :
b11000000001000010010000110000000 C
b10011000001000001101000100110110000000010000100100001100000000001100010000000000000000011000100001000000001000000010000010000 !
b10011000001000001101000100110110000000010000100100001100000000001100010000000000000000011000100001000000001000000010000010000 (
b10011000001000001101000100110 L
b1011011010001100001101010110110 G
b10010011001001011001111100100110 E
b11100000001110010010000111000000 >
b11001011001001110011011110010110 <
b10011011100001110110000100110111 5
b1011100111100000000000010111001 3
b1101001001001111011000011010 ,
b11101010100011100000010111010101 *
b10 #
b10 &
b10 +
b10 4
b10 =
b10 F
b1011011010001100001101010110110111000000011100100100001110000001001101110000111011000010011011100001101001001001111011000011010 $
b1011011010001100001101010110110111000000011100100100001110000001001101110000111011000010011011100001101001001001111011000011010 '
b10010011001001011001111100100110110010110010011100110111100101100101110011110000000000001011100111101010100011100000010111010101 "
b10010011001001011001111100100110110010110010011100110111100101100101110011110000000000001011100111101010100011100000010111010101 %
b100 P
b10100 O
#211000
b10011000001000001101000100110 M
b100 P
#220000
b10110001110000000110011101100010 1
b1111011010111101001101011110110 :
b11010101010100010011011110101010 C
b111010000101100001000001110011110101010101000100110111101010100111101101011110100110101111011010110001110000000110011101100010 !
b111010000101100001000001110011110101010101000100110111101010100111101101011110100110101111011010110001110000000110011101100010 (
b111010000101100001000001110011 L
b1111101001010001110010011111010 G
b10111100111011010010101101111001 E
b1100111110000111011011011001111 >
b1101101100011011000000011011011 <
b10111111010110101001101101111110 5
b10111100000000111111111101111000 3
b11000011011000010101011110000110 ,
b11101110010111110000111111011100 *
b0 #
b0 &
b0 +
b0 4
b0 =
b0 F
b1111101001010001110010011111010011001111100001110110110110011111011111101011010100110110111111011000011011000010101011110000110 $
b1111101001010001110010011111010011001111100001110110110110011111011111101011010100110110111111011000011011000010101011110000110 '
b10111100111011010010101101111001011011011000110110000000110110111011110000000011111111110111100011101110010111110000111111011100 "
b10111100111011010010101101111001011011011000110110000000110110111011110000000011111111110111100011101110010111110000111111011100 %
b100 P
b10101 O
#221000
b111010000101100001000001110011 M
b100 P
#230000
b111010100111101001000001110110 1
b10011011000100111111101100110110 :
b11011111110101111101000111000000 C
b110011111010010001010001101000110111111101011111010001110000001001101100010011111110110011011000111010100111101001000001110110 !
b110011111010010001010001101000110111111101011111010001110000001001101100010011111110110011011000111010100111101001000001110110 (
b110011111010010001010001101000 L
b11100000101100010111010111000001 G
b10100100110101000101000101001 E
b11010101101001000100000110101 >
b11111010100011000101100111110101 <
b101000011000111001011001010000 5
b11000011011101111001000110000110 3
b1010000111101010111100010100001 ,
b10001011100101000000100100010111 *
b1 #
b1 &
b1 +
b1 4
b1 =
b1 F
b11100000101100010111010111000001000110101011010010001000001101010010100001100011100101100101000001010000111101010111100010100001 $
b11100000101100010111010111000001000110101011010010001000001101010010100001100011100101100101000001010000111101010111100010100001 '
b10100100110101000101000101001111110101000110001011001111101011100001101110111100100011000011010001011100101000000100100010111 "
b10100100110101000101000101001111110101000110001011001111101011100001101110111100100011000011010001011100101000000100100010111 %
b100 P
b10110 O
#231000
b110011111010010001010001101000 M
b100 P
#240000
b1111111101011001000001011111111 L
b10011101111101110100010100111100 C
b11000011011010010101101110000111 :
b1111111101011001000001011111111100111011111011101000101001111001100001101101001010110111000011110100110010011110011100101001101 !
b1111111101011001000001011111111100111011111011101000101001111001100001101101001010110111000011110100110010011110011100101001101 (
b10100110010011110011100101001101 1
b11010100100111101111110110101001 G
b1010100010010111000000010101000 E
b10100111010110001101000101001110 >
b1000101010100000001011010001010 <
b1110110001000101110011011101100 5
b111001100011000100001001110011 3
b10100101101100100111101101001011 ,
b1001100000000011011010010011000 *
b11010100100111101111110110101001101001110101100011010001010011100111011000100010111001101110110010100101101100100111101101001011 $
b11010100100111101111110110101001101001110101100011010001010011100111011000100010111001101110110010100101101100100111101101001011 '
b1010100010010111000000010101000010001010101000000010110100010100011100110001100010000100111001101001100000000011011010010011000 "
b1010100010010111000000010101000010001010101000000010110100010100011100110001100010000100111001101001100000000011011010010011000 %
b100 P
b10111 O
#241000
b1111111101011001000001011111111 M
b100 P
#250000
b11111010010000000001111111110100 1
b11100101000001100111010111001001 :
b11011100000100000001000110110111 C
b11101011111000111110010111010110110111000001000000010001101101111110010100000110011101011100100111111010010000000001111111110100 !
b11101011111000111110010111010110110111000001000000010001101101111110010100000110011101011100100111111010010000000001111111110100 (
b11101011111000111110010111010110 L
b11100011011011110011000111000 G
b11001111011101011111111110011110 E
b1000110101101011111010010001101 >
b10010101010110100001110100101010 <
b10010101001011111011010100101010 5
b1001111110101101100000010011111 3
b1110011001101000110011011100110 ,
b10000111000010111011100100001110 *
b0 #
b0 &
b0 +
b0 4
b0 =
b0 F
b11100011011011110011000111000010001101011010111110100100011011001010100101111101101010010101001110011001101000110011011100110 $
b11100011011011110011000111000010001101011010111110100100011011001010100101111101101010010101001110011001101000110011011100110 '
b11001111011101011111111110011110100101010101101000011101001010100100111111010110110000001001111110000111000010111011100100001110 "
b11001111011101011111111110011110100101010101101000011101001010100100111111010110110000001001111110000111000010111011100100001110 %
b100 P
b11000 O
#251000
b11101011111000111110010111010110 M
b100 P
#260000
b11100101011001111110011111001010 1
b10111101111111111100100101111011 :
b11111011101111111111111111110111 C
b11111111000101111011111111111110111110111011111111111111111101111011110111111111110010010111101111100101011001111110011111001010 !
b11111111000101111011111111111110111110111011111111111111111101111011110111111111110010010111101111100101011001111110011111001010 (
b11111111000101111011111111111110 L
b11100010000101101010101111000100 G
b11011101000001011001110110111010 E
b11011011000010111101110110110110 >
b1100011101101111010111011000111 <
b10110101101000001100100101101011 5
b10001001111111110100000100010011 3
b11100101001000110100010111001010 ,
b11100100011001001110001111001000 *
b11 #
b11 &
b11 +
b11 4
b11 =
b11 F
b11100010000101101010101111000100110110110000101111011101101101101011010110100000110010010110101111100101001000110100010111001010 $
b11100010000101101010101111000100110110110000101111011101101101101011010110100000110010010110101111100101001000110100010111001010 '
b11011101000001011001110110111010011000111011011110101110110001111000100111111111010000010001001111100100011001001110001111001000 "
b11011101000001011001110110111010011000111011011110101110110001111000100111111111010000010001001111100100011001001110001111001000 %
b100 P
b11001 O
#261000
b11111111000101111011111111111110 M
b100 P
#270000
b11011111110011110111111110111111 L
b11111101011011111111010111111010 C
b11111111101110111011101111111111 :
b11011111110011110111111110111111111111010110111111110101111110101111111110111011101110111111111111011011001011111101101110110110 !
b11011111110011110111111110111111111111010110111111110101111110101111111110111011101110111111111111011011001011111101101110110110 (
b11011011001011111101101110110110 1
b1011110110011100101111010111101 G
b10011001010001010010000100110010 E
b1111001001001111001010011110010 >
b11111101011011011111010111111010 <
b1000011001100111001000010000110 5
b10111111101110110011101101111111 3
b1011010001001101001101010110100 ,
b11001001001011111101001110010010 *
b1011110110011100101111010111101011110010010011110010100111100100100001100110011100100001000011001011010001001101001101010110100 $
b1011110110011100101111010111101011110010010011110010100111100100100001100110011100100001000011001011010001001101001101010110100 '
b10011001010001010010000100110010111111010110110111110101111110101011111110111011001110110111111111001001001011111101001110010010 "
b10011001010001010010000100110010111111010110110111110101111110101011111110111011001110110111111111001001001011111101001110010010 %
b100 P
b11010 O
#271000
b11011111110011110111111110111111 M
b100 P
#280000
b1110111111001111001111011101111 L
b11111111111011111110101111111111 C
b11010100101111011111100110101001 :
b1110111111001111001111011101111111111111110111111101011111111111101010010111101111110011010100111110111010010111110111111101110 !
b1110111111001111001111011101111111111111110111111101011111111111101010010111101111110011010100111110111010010111110111111101110 (
b11110111010010111110111111101110 1
b1110111100000101001000011101111 G
b101111001010001111000001011 E
b1111101100010110110101011111011 >
b11000111011001011010100110001110 <
b1010000100101011010100010100001 5
b11010100101010000111100110101001 3
b11100101010000111100111111001010 ,
b1110010010010011010010011100100 *
b1110111100000101001000011101111011111011000101101101010111110110101000010010101101010001010000111100101010000111100111111001010 $
b1110111100000101001000011101111011111011000101101101010111110110101000010010101101010001010000111100101010000111100111111001010 '
b101111001010001111000001011110001110110010110101001100011101101010010101000011110011010100101110010010010011010010011100100 "
b101111001010001111000001011110001110110010110101001100011101101010010101000011110011010100101110010010010011010010011100100 %
b100 P
b11011 O
#281000
b1110111111001111001111011101111 M
b100 P
#290000
b11010001000000100000000110100 1
b101110010000001011000001011 :
b1000100001001011010010010001000 C
b11001001001100100000000110010010010001000010010110100100100010000000010111001000000101100000101100011010001000000100000000110100 !
b11001001001100100000000110010010010001000010010110100100100010000000010111001000000101100000101100011010001000000100000000110100 (
b11001001001100100000000110010010 L
b11001001001111100100010110010010 G
b11001101111100111000000110011011 E
b1010111001111111011010010101110 >
b11000100011001011110011110001000 <
b10110101110011011011111101101011 5
b1000111111010000101011010001111 3
b111010101100010100100001110101 ,
b10011011011000001110010100110110 *
b10 #
b10 &
b10 +
b10 4
b10 =
b10 F
b11001001001111100100010110010010010101110011111110110100101011101011010111001101101111110110101100111010101100010100100001110101 $
b11001001001111100100010110010010010101110011111110110100101011101011010111001101101111110110101100111010101100010100100001110101 '
b11001101111100111000000110011011110001000110010111100111100010000100011111101000010101101000111110011011011000001110010100110110 "
b11001101111100111000000110011011110001000110010111100111100010000100011111101000010101101000111110011011011000001110010100110110 %
b100 P
b11100 O
#291000
b11001001001100100000000110010010 M
b100 P
#300000
b1110000110011011000000011100010 1
b1010010010011001011101010100100 :
b10010000001110010000011100100001 C
b10100011010101011000000101000111100100000011100100000111001000010101001001001100101110101010010001110000110011011000000011100010 !
b10100011010101011000000101000111100100000011100100000111001000010101001001001100101110101010010001110000110011011000000011100010 (
b10100011010101011000000101000111 L
b11101000101011100001101111010001 G
b10001100000000111001110100011000 E
b11110110011110011111110111101100 >
b10000110101100110000010100001101 <
b1111000111001111011000011110 5
b1100001011010011011000011000010 3
b10100101101101110101111101001011 ,
b10110100001001110000000101101 *
b1 #
b1 &
b1 +
b1 4
b1 =
b1 F
b11101000101011100001101111010001111101100111100111111101111011000000111100011100111101100001111010100101101101110101111101001011 $
b11101000101011100001101111010001111101100111100111111101111011000000111100011100111101100001111010100101101101110101111101001011 '
b10001100000000111001110100011000100001101011001100000101000011010110000101101001101100001100001000010110100001001110000000101101 "
b10001100000000111001110100011000100001101011001100000101000011010110000101101001101100001100001000010110100001001110000000101101 %
b100 P
b11101 O
#301000
b10100011010101011000000101000111 M
b100 P
#310000
b100000000010010000000001 1
b10101000010001001110100101010000 :
b101001000010000010001001010010 C
b11000101110001000000000001010010000100000100010010100101010100001000100111010010101000000000000100000000010010000000001 !
b11000101110001000000000001010010000100000100010010100101010100001000100111010010101000000000000100000000010010000000001 (
b11000101110001000000000 L
b10011100111110001000000100 G
b1110001011001101111101011100010 E
b101101101011000010001001011011 >
b101011000110010110001001010110 <
b10101001111011111110100101010011 5
b11101100010001001111100111011000 3
b11101101111110110010000111011 ,
b100000110000000010010001000001 *
b10 #
b10 &
b10 +
b10 4
b10 =
b10 F
b10011100111110001000000100001011011010110000100010010110111010100111101111111010010101001100011101101111110110010000111011 $
b10011100111110001000000100001011011010110000100010010110111010100111101111111010010101001100011101101111110110010000111011 '
b1110001011001101111101011100010001010110001100101100010010101101110110001000100111110011101100000100000110000000010010001000001 "
b1110001011001101111101011100010001010110001100101100010010101101110110001000100111110011101100000100000110000000010010001000001 %
b100 P
b11110 O
#311000
b11000101110001000000000 M
b100 P
#320000
b11101101011111101111110111011010 1
b1011100100000110101011010111001 :
b1110010110001111111111011100101 C
b11010101100110010101111110101011011100101100011111111110111001010101110010000011010101101011100111101101011111101111110111011010 !
b11010101100110010101111110101011011100101100011111111110111001010101110010000011010101101011100111101101011111101111110111011010 (
b11010101100110010101111110101011 L
b11000000100100000101110110000001 G
b10010101100010010000111100101011 E
b1010000110001011101110010100001 >
b1110010100001111011011011100101 <
b11100100000010001001000111001 5
b1011100000000110100010010111000 3
b10001001001111100100110100010010 ,
b1101100010100001011010011011000 *
b11 #
b11 &
b11 +
b11 4
b11 =
b11 F
b11000000100100000101110110000001010100001100010111011100101000010001110010000001000100100011100110001001001111100100110100010010 $
b11000000100100000101110110000001010100001100010111011100101000010001110010000001000100100011100110001001001111100100110100010010 '
b10010101100010010000111100101011011100101000011110110110111001010101110000000011010001001011100001101100010100001011010011011000 "
b10010101100010010000111100101011011100101000011110110110111001010101110000000011010001001011100001101100010100001011010011011000 %
b100 P
b11111 O
#321000
b11010101100110010101111110101011 M
b100 P
#330000
b11000010110111110101101110000110 1
b1101011010100011010000011011 :
b1100000110100001010001011000010 C
b10000001010101001101111100000010011000001101000010100010110000100000110101101010001101000001101111000010110111110101101110000110 !
b10000001010101001101111100000010011000001101000010100010110000100000110101101010001101000001101111000010110111110101101110000110 (
b10000001010101001101111100000010 L
b1001000110011011010000010010 G
b10001010011011101001001100010100 E
b1001011010111001000000010010110 >
b10101100001011010010001101011000 <
b10001000100011101000000100 5
b1111100011000110111000011111 3
b11010000110101011111100110100001 ,
b10010011101101010101010100100111 *
b1 #
b1 &
b1 +
b1 4
b1 =
b1 F
b1001000110011011010000010010010010110101110010000000100101100000001000100010001110100000010011010000110101011111100110100001 $
b1001000110011011010000010010010010110101110010000000100101100000001000100010001110100000010011010000110101011111100110100001 '
b10001010011011101001001100010100101011000010110100100011010110000000111110001100011011100001111110010011101101010101010100100111 "
b10001010011011101001001100010100101011000010110100100011010110000000111110001100011011100001111110010011101101010101010100100111 %
b100 P
b100000 O
#331000
b10000001010101001101111100000010 M
b100 P
#340000
b1010001011101110010001010100011 L
b100011111111010001100001001000 C
b11100001001110000110001111000010 :
b1010001011101110010001010100011001000111111110100011000010010001110000100111000011000111100001010101101111010100000110101011100 !
b1010001011101110010001010100011001000111111110100011000010010001110000100111000011000111100001010101101111010100000110101011100 (
b10101101111010100000110101011100 1
b11000010010010011111111110000100 G
b10011110000010010001000100111 E
b11010110101101000000001110101101 >
b11111010101100010001101111110101 <
b10010101100010110010101100101011 5
b1110110110000111000111011101101 3
b10101010110000101101010101010101 ,
b1011000101011001110001010110001 *
b11000010010010011111111110000100110101101011010000000011101011011001010110001011001010110010101110101010110000101101010101010101 $
b11000010010010011111111110000100110101101011010000000011101011011001010110001011001010110010101110101010110000101101010101010101 '
b10011110000010010001000100111111110101011000100011011111101010111011011000011100011101110110101011000101011001110001010110001 "
b10011110000010010001000100111111110101011000100011011111101010111011011000011100011101110110101011000101011001110001010110001 %
b100 P
b100001 O
#341000
b1010001011101110010001010100011 M
b100 P
#350000
b1111111111111111011011011111111 1
b11101101111111111111111111011011 :
b11101100101110111011111111011001 C
b11010101111111101101111110101011111011001011101110111111110110011110110111111111111111111101101101111111111111111011011011111111 !
b11010101111111101101111110101011111011001011101110111111110110011110110111111111111111111101101101111111111111111011011011111111 (
b11010101111111101101111110101011 L
b10010101010001101101110100101010 G
b1010000101111000101111010100001 E
b10101000100000111011000101010001 >
b11100100101110100000111111001001 <
b11101101111001011011101111011011 5
b100100110110100101011001001001 3
b1011100111011111001000010111001 ,
b1110011110101111010011011100111 *
b11 #
b11 &
b11 +
b11 4
b11 =
b11 F
b10010101010001101101110100101010101010001000001110110001010100011110110111100101101110111101101101011100111011111001000010111001 $
b10010101010001101101110100101010101010001000001110110001010100011110110111100101101110111101101101011100111011111001000010111001 '
b1010000101111000101111010100001111001001011101000001111110010010010010011011010010101100100100101110011110101111010011011100111 "
b1010000101111000101111010100001111001001011101000001111110010010010010011011010010101100100100101110011110101111010011011100111 %
b100 P
b100010 O
#351000
b11010101111111101101111110101011 M
b100 P
#360000
b11110111110111111010111111101111 L
b1111111010111111111111011111110 C
b111111011101110101011001111110 :
b11110111110111111010111111101111011111110101111111111110111111100011111101110111010101100111111011100011111001110010010111000111 !
b11110111110111111010111111101111011111110101111111111110111111100011111101110111010101100111111011100011111001110010010111000111 (
b11100011111001110010010111000111 1
b11000011010001100000110110000110 G
b110111110111111010101001101111 E
b110100010101011111001001101000 >
b1111111010011110011110011111110 <
b111001010001100001010001110010 5
b111110011101010100001001111100 3
b11000001101000010000010110000011 ,
b100010111001100010000001000101 *
b11000011010001100000110110000110001101000101010111110010011010000011100101000110000101000111001011000001101000010000010110000011 $
b11000011010001100000110110000110001101000101010111110010011010000011100101000110000101000111001011000001101000010000010110000011 '
b110111110111111010101001101111011111110100111100111100111111100011111001110101010000100111110000100010111001100010000001000101 "
b110111110111111010101001101111011111110100111100111100111111100011111001110101010000100111110000100010111001100010000001000101 %
b100 P
b100011 O
#361000
b11110111110111111010111111101111 M
b100 P
#370000
b11111011111110110000010111111000 1
b11000111110111100110000110010 :
b10000010100101101110100100000101 C
b11101100000111110111000111011100000101001011011101001000001010001100011111011110011000011001011111011111110110000010111111000 !
b11101100000111110111000111011100000101001011011101001000001010001100011111011110011000011001011111011111110110000010111111000 (
b11101100000111110111000111011 L
b10011100110111100111000100111001 G
b10111010011000100101111101110100 E
b11100000001010000011000111000000 >
b1100010101111110001101011000101 <
b11111011000011011010100111110110 5
b10100000010010111011000101000 3
b10100000011101101001000101000000 ,
b10011100011100011001011100111000 *
b1 #
b1 &
b1 +
b1 4
b1 =
b1 F
b10011100110111100111000100111001111000000010100000110001110000001111101100001101101010011111011010100000011101101001000101000000 $
b10011100110111100111000100111001111000000010100000110001110000001111101100001101101010011111011010100000011101101001000101000000 '
b10111010011000100101111101110100011000101011111100011010110001010001010000001001011101100010100010011100011100011001011100111000 "
b10111010011000100101111101110100011000101011111100011010110001010001010000001001011101100010100010011100011100011001011100111000 %
b100 P
b100100 O
#371000
b11101100000111110111000111011 M
b100 P
#380000
b111100110101100000101001111010 L
b11100100110011101011000111001010 C
b100110001110001001111001001101 :
b111100110101100000101001111010111001001100111010110001110010100010011000111000100111100100110100001000111110101111010000010010 !
b111100110101100000101001111010111001001100111010110001110010100010011000111000100111100100110100001000111110101111010000010010 (
b1000111110101111010000010010 1
b11100100101101011110001111001001 G
b100001100010111110111001000011 E
b10001011111000101001110100010111 >
b1110000101100010100111011100001 <
b10001010111011000011010100010101 5
b10110001001001001101001101100010 3
b10010101001000011001001100101010 ,
b10011110000111001000011100111100 *
b11100100101101011110001111001001100010111110001010011101000101111000101011101100001101010001010110010101001000011001001100101010 $
b11100100101101011110001111001001100010111110001010011101000101111000101011101100001101010001010110010101001000011001001100101010 '
b100001100010111110111001000011011100001011000101001110111000011011000100100100110100110110001010011110000111001000011100111100 "
b100001100010111110111001000011011100001011000101001110111000011011000100100100110100110110001010011110000111001000011100111100 %
b100 P
b100101 O
#381000
b111100110101100000101001111010 M
b100 P
#390000
b1110011100011100110100011100110 1
b1110100000001011000010011100111 :
b11010001100011010001000110011 C
b10111110101110000100001101111101000110100011000110100010001100110111010000000101100001001110011101110011100011100110100011100110 !
b10111110101110000100001101111101000110100011000110100010001100110111010000000101100001001110011101110011100011100110100011100110 (
b10111110101110000100001101111101 L
b111000101011011110011001110001 G
b10000110000010100101110100001100 E
b10010110010110110111101100101100 >
b10000011110101100010011100000111 <
b101101011001111110001001011010 5
b1000110100111011010001010001101 3
b11100000111101101001110111000001 ,
b10010010100101111100101100100101 *
b0 #
b0 &
b0 +
b0 4
b0 =
b0 F
b111000101011011110011001110001100101100101101101111011001011000010110101100111111000100101101011100000111101101001110111000001 $
b111000101011011110011001110001100101100101101101111011001011000010110101100111111000100101101011100000111101101001110111000001 '
b10000110000010100101110100001100100000111101011000100111000001110100011010011101101000101000110110010010100101111100101100100101 "
b10000110000010100101110100001100100000111101011000100111000001110100011010011101101000101000110110010010100101111100101100100101 %
b100 P
b100110 O
#391000
b10111110101110000100001101111101 M
b100 P
#400000
b1011111100000010010001010111111 1
b100000100111000111011001000010 :
b10011010100011101011110100110101 C
b10010110101010110000100100101110100110101000111010111101001101010010000010011100011101100100001001011111100000010010001010111111 !
b10010110101010110000100100101110100110101000111010111101001101010010000010011100011101100100001001011111100000010010001010111111 (
b10010110101010110000100100101110 L
b10111001011000000000100101110010 G
b1010000000010110001001010100000 E
b10000001010100011101000100000 >
b10101010101110001111011101010101 <
b101110011110000101100001011100 5
b1001111000101001100111010011110 3
b1111011110111111100001011110111 ,
b11011011011000001110010110110110 *
b1 #
b1 &
b1 +
b1 4
b1 =
b1 F
b10111001011000000000100101110010000100000010101000111010001000000010111001111000010110000101110001111011110111111100001011110111 $
b10111001011000000000100101110010000100000010101000111010001000000010111001111000010110000101110001111011110111111100001011110111 '
b1010000000010110001001010100000101010101011100011110111010101010100111100010100110011101001111011011011011000001110010110110110 "
b1010000000010110001001010100000101010101011100011110111010101010100111100010100110011101001111011011011011000001110010110110110 %
b100 P
b100111 O
#401000
b10010110101010110000100100101110 M
b100 P
#410000
b11110101011001111110010111101010 1
b11100010011111001101101111000100 :
b11001110010101000011111110011011 C
b101110000110100011000001010110011100101010000111111100110111110001001111100110110111100010011110101011001111110010111101010 !
b101110000110100011000001010110011100101010000111111100110111110001001111100110110111100010011110101011001111110010111101010 (
b101110000110100011000001010 L
b11000111111000100111001110001111 G
b111101111000001101001001111011 E
b1111110111100000110010011111101 >
b1001111011000111101101010011110 <
b111100110011000100001001111001 5
b10100101101100001001100101001011 3
b110110111001111000000001101 ,
b11101110100010101111010111011101 *
b0 #
b0 &
b0 +
b0 4
b0 =
b0 F
b11000111111000100111001110001111011111101111000001100100111111010011110011001100010000100111100100000110110111001111000000001101 $
b11000111111000100111001110001111011111101111000001100100111111010011110011001100010000100111100100000110110111001111000000001101 '
b111101111000001101001001111011010011110110001111011010100111101010010110110000100110010100101111101110100010101111010111011101 "
b111101111000001101001001111011010011110110001111011010100111101010010110110000100110010100101111101110100010101111010111011101 %
b100 P
b101000 O
#411000
b101110000110100011000001010 M
b100 P
#420000
b11111111110100110110101111111111 1
b11111010111110011011111111110101 :
b1111010100111011011110011110101 C
b11111111111110110111110111111111011110101001110110111100111101011111101011111001101111111111010111111111110100110110101111111111 !
b11111111111110110111110111111111011110101001110110111100111101011111101011111001101111111111010111111111110100110110101111111111 (
b11111111111110110111110111111111 L
b10101001011110100001010101010010 G
b1110110101000010111100011101101 E
b1110000000111010011010011100000 >
b1001010100111001011110010010101 <
b10100010000100011001111101000100 5
b11011000111110010011110110110001 3
b10001110100100100100001100011101 ,
b11110001110000010010100111100011 *
b11 #
b11 &
b11 +
b11 4
b11 =
b11 F
b10101001011110100001010101010010011100000001110100110100111000001010001000010001100111110100010010001110100100100100001100011101 $
b10101001011110100001010101010010011100000001110100110100111000001010001000010001100111110100010010001110100100100100001100011101 '
b1110110101000010111100011101101010010101001110010111100100101011101100011111001001111011011000111110001110000010010100111100011 "
b1110110101000010111100011101101010010101001110010111100100101011101100011111001001111011011000111110001110000010010100111100011 %
b100 P
b101001 O
#421000
b11111111111110110111110111111111 M
b100 P
#430000
b10111111111011111110000101111111 L
b11001110011110101111111110011100 C
b11100011011110111111111111000110 :
b10111111111011111110000101111111110011100111101011111111100111001110001101111011111111111100011011101111110111111111011111011111 !
b10111111111011111110000101111111110011100111101011111111100111001110001101111011111111111100011011101111110111111111011111011111 (
b11101111110111111111011111011111 1
b10110101001011010110000101101010 G
b10001011111010101100000100010111 E
b11001000010010000111110110010000 >
b1000110001110101001001010001100 <
b10100011011010101111110101000110 5
b11000010000110011110011110000100 3
b101001010111111100010001010010 ,
b11000110110111001011011110001101 *
b10110101001011010110000101101010110010000100100001111101100100001010001101101010111111010100011000101001010111111100010001010010 $
b10110101001011010110000101101010110010000100100001111101100100001010001101101010111111010100011000101001010111111100010001010010 '
b10001011111010101100000100010111010001100011101010010010100011001100001000011001111001111000010011000110110111001011011110001101 "
b10001011111010101100000100010111010001100011101010010010100011001100001000011001111001111000010011000110110111001011011110001101 %
b100 P
b101010 O
#431000
b10111111111011111110000101111111 M
b100 P
#440000
b10010110111011001010110100101110 1
b1010011000001111011010010100110 :
b11110010100000110110000111100101 C
b1111001011111011001101011110011111100101000001101100001111001010101001100000111101101001010011010010110111011001010110100101110 !
b1111001011111011001101011110011111100101000001101100001111001010101001100000111101101001010011010010110111011001010110100101110 (
b1111001011111011001101011110011 L
b10011001000001011000001100110010 G
b10010100000110001111000100101 E
b1010011000111011111111010100110 >
b1000101101000010110000010001011 <
b11011101010010100100110110111010 5
b110000010100100000001001100000 3
b10111110011011110000111101111100 ,
b1010101010110111011110010101010 *
b1 #
b1 &
b1 +
b1 4
b1 =
b1 F
b10011001000001011000001100110010010100110001110111111110101001101101110101001010010011011011101010111110011011110000111101111100 $
b10011001000001011000001100110010010100110001110111111110101001101101110101001010010011011011101010111110011011110000111101111100 '
b10010100000110001111000100101010001011010000101100000100010110011000001010010000000100110000001010101010110111011110010101010 "
b10010100000110001111000100101010001011010000101100000100010110011000001010010000000100110000001010101010110111011110010101010 %
b100 P
b101011 O
#441000
b1111001011111011001101011110011 M
b100 P
#450000
b10100110100011110001110101001101 L
b10001010110101111011101100010101 C
b1111000110101111011110011110010 :
b10100110100011110001110101001101100010101101011110111011000101010111100011010111101111001111001000011010001010101100110000110101 !
b10100110100011110001110101001101100010101101011110111011000101010111100011010111101111001111001000011010001010101100110000110101 (
b11010001010101100110000110101 1
b11100101011110111101000111001 G
b11000011001111101001011110000110 E
b10100011100100000111010101000111 >
b101110011010000011000001011100 <
b10100101111100100000001101001011 5
b11110110010011100000000111101 3
b1010011001001011000000010100 ,
b100100100011110111110001001001 *
b11100101011110111101000111001101000111001000001110101010001111010010111110010000000110100101100001010011001001011000000010100 $
b11100101011110111101000111001101000111001000001110101010001111010010111110010000000110100101100001010011001001011000000010100 '
b11000011001111101001011110000110001011100110100000110000010111000001111011001001110000000011110100100100100011110111110001001001 "
b11000011001111101001011110000110001011100110100000110000010111000001111011001001110000000011110100100100100011110111110001001001 %
b100 P
b101100 O
#451000
b10100110100011110001110101001101 M
b100 P
#460000
b100000000000000 1
b10000010011010000000010100000100 :
b100000000000000 C
b100100011000101001111001001000000000000000000001000000000000001000001001101000000001010000010000000000000000000100000000000000 !
b100100011000101001111001001000000000000000000001000000000000001000001001101000000001010000010000000000000000000100000000000000 (
b100100011000101001111001001000 L
b100101111001111001111001001011 G
b11110100011010101111111111101000 E
b10001000100101011111100100010001 >
b110101001000100100000001101010 <
b10000011111010011011011100000111 5
b11000110011111000100010110001100 3
b10110001000100101000000101100 ,
b11101000010100011110010111010000 *
b10 #
b10 &
b10 +
b10 4
b10 =
b10 F
b100101111001111001111001001011100010001001010111111001000100011000001111101001101101110000011100010110001000100101000000101100 $
b100101111001111001111001001011100010001001010111111001000100011000001111101001101101110000011100010110001000100101000000101100 '
b11110100011010101111111111101000001101010010001001000000011010101100011001111100010001011000110011101000010100011110010111010000 "
b11110100011010101111111111101000001101010010001001000000011010101100011001111100010001011000110011101000010100011110010111010000 %
b100 P
b101101 O
#461000
b100100011000101001111001001000 M
b100 P
#470000
b11110111111111110101111111101111 1
b11110110111011111110111111101101 :
b1111111101001110111011011111111 C
b11111011110110110111010111110111011111111010011101110110111111111111011011101111111011111110110111110111111111110101111111101111 !
b11111011110110110111010111110111011111111010011101110110111111111111011011101111111011111110110111110111111111110101111111101111 (
b11111011110110110111010111110111 L
b10110011100000110110010101100111 G
b1101010010110000001010011010100 E
b1101111100000110111001011011111 >
b11100101001110000010000111001 <
b11100100111000010110010111001001 5
b11010010000011101110111110100100 3
b10010001111111100000010100100011 ,
b11110110001010010101101111101100 *
b11 #
b11 &
b11 +
b11 4
b11 =
b11 F
b10110011100000110110010101100111011011111000001101110010110111111110010011100001011001011100100110010001111111100000010100100011 $
b10110011100000110110010101100111011011111000001101110010110111111110010011100001011001011100100110010001111111100000010100100011 '
b1101010010110000001010011010100000111001010011100000100001110011101001000001110111011111010010011110110001010010101101111101100 "
b1101010010110000001010011010100000111001010011100000100001110011101001000001110111011111010010011110110001010010101101111101100 %
b100 P
b101110 O
#471000
b11111011110110110111010111110111 M
b100 P
#480000
b10011001010000010101111100110010 1
b10001100010111101101000100010 :
b10011110000001100000001100111100 C
b10111011011001011101000101110110100111100000011000000011001111000001000110001011110110100010001010011001010000010101111100110010 !
b10111011011001011101000101110110100111100000011000000011001111000001000110001011110110100010001010011001010000010101111100110010 (
b10111011011001011101000101110110 L
b11110001101101000110000111100011 G
b11001001101100010110111110010011 E
b1110000001010100110000011100 >
b10010000000000001011011100100000 <
b1101100101110010001101011011001 5
b10100100110100101011111101001001 3
b11000001000100000011100110000010 ,
b11011000001100010010010110110000 *
b0 #
b0 &
b0 +
b0 4
b0 =
b0 F
b11110001101101000110000111100011000011100000010101001100000111000110110010111001000110101101100111000001000100000011100110000010 $
b11110001101101000110000111100011000011100000010101001100000111000110110010111001000110101101100111000001000100000011100110000010 '
b11001001101100010110111110010011100100000000000010110111001000001010010011010010101111110100100111011000001100010010010110110000 "
b11001001101100010110111110010011100100000000000010110111001000001010010011010010101111110100100111011000001100010010010110110000 %
b100 P
b101111 O
#481000
b10111011011001011101000101110110 M
b100 P
#490000
b100100010100010010100001001000 1
b10000000001001101000100100000000 :
b10100100010010010100000101001 C
b1001011111110000000000010010000101001000100100101000001010011000000000100110100010010000000000100100010100010010100001001000 !
b1001011111110000000000010010000101001000100100101000001010011000000000100110100010010000000000100100010100010010100001001000 (
b1001011111110000000000010010 L
b101001011111110000000001010010 G
b1001011111110001110000010010 E
b10011100100011010111111100111001 >
b10101101010011010100000101011 <
b11000010001001101010100110000100 5
b10011101001111111001110100111010 3
b101110110101110010111001011101 ,
b1100100011100011111100011001000 *
b10 #
b10 &
b10 +
b10 4
b10 =
b10 F
b101001011111110000000001010010100111001000110101111111001110011100001000100110101010011000010000101110110101110010111001011101 $
b101001011111110000000001010010100111001000110101111111001110011100001000100110101010011000010000101110110101110010111001011101 '
b1001011111110001110000010010000101011010100110101000001010111001110100111111100111010011101001100100011100011111100011001000 "
b1001011111110001110000010010000101011010100110101000001010111001110100111111100111010011101001100100011100011111100011001000 %
b100 P
b110000 O
#491000
b1001011111110000000000010010 M
b100 P
#500000
b10011111100001011000000100111110 1
b10111001100000001011000101110010 :
b10110000110110000100101101100001 C
b1000010111011100100000001111101100001101100001001011011000011011100110000000101100010111001010011111100001011000000100111110 !
b1000010111011100100000001111101100001101100001001011011000011011100110000000101100010111001010011111100001011000000100111110 (
b1000010111011100100000001111 L
b111111001000100110000001111 G
b11110010111110000000000 E
b11011101100001011101001110111011 >
b11010011010100100111011110100110 <
b11101101100010111000011111011011 5
b11001011111101010010100110010111 3
b110111010110011110101001101110 ,
b1101000001010111001011011010000 *
b0 #
b0 &
b0 +
b0 4
b0 =
b0 F
b111111001000100110000001111110111011000010111010011101110111110110110001011100001111101101100110111010110011110101001101110 $
b111111001000100110000001111110111011000010111010011101110111110110110001011100001111101101100110111010110011110101001101110 '
b11110010111110000000000110100110101001001110111101001101100101111110101001010011001011101101000001010111001011011010000 "
b11110010111110000000000110100110101001001110111101001101100101111110101001010011001011101101000001010111001011011010000 %
b100 P
b110001 O
#501000
b1000010111011100100000001111 M
b100 P
#510000
b100000000000000000000001000 1
b11100010110101010000000111000101 :
b1000001000001100000000010000 C
b110000100000011000010001100001000010000010000011000000000100001110001011010101000000011100010100000100000000000000000000001000 !
b110000100000011000010001100001000010000010000011000000000100001110001011010101000000011100010100000100000000000000000000001000 (
b110000100000011000010001100001 L
b10111011100000111100110101110111 G
b110100111110011010010001101001 E
b101000111001001101100001010001 >
b11001000001110011110010110010000 <
b11100111110101110011010111001111 5
b11100010111111010100100111000101 3
b10101100101010000001100101011001 ,
b110010100110110001000001100 *
b10 #
b10 &
b10 +
b10 4
b10 =
b10 F
b10111011100000111100110101110111001010001110010011011000010100011110011111010111001101011100111110101100101010000001100101011001 $
b10111011100000111100110101110111001010001110010011011000010100011110011111010111001101011100111110101100101010000001100101011001 '
b110100111110011010010001101001110010000011100111100101100100001110001011111101010010011100010100000110010100110110001000001100 "
b110100111110011010010001101001110010000011100111100101100100001110001011111101010010011100010100000110010100110110001000001100 %
b100 P
b110010 O
#511000
b110000100000011000010001100001 M
b100 P
#520000
b11101101111111110101110111011011 1
b11111110011111101011101111111100 :
b1011011111111101111111010110111 C
b10111011111011010101101101110111010110111111111011111110101101111111111001111110101110111111110011101101111111110101110111011011 !
b10111011111011010101101101110111010110111111111011111110101101111111111001111110101110111111110011101101111111110101110111011011 (
b10111011111011010101101101110111 L
b10111011111011010101001101110111 G
b11000010011010101101000110000 E
b1000011011110001110111010000110 >
b1011011111001101111001010110111 <
b11011100011110001011000110111000 5
b1100010000011101001101011000100 3
b11001101110111010100110110011011 ,
b1101100001101110101100011011000 *
b11 #
b11 &
b11 +
b11 4
b11 =
b11 F
b10111011111011010101001101110111010000110111100011101110100001101101110001111000101100011011100011001101110111010100110110011011 $
b10111011111011010101001101110111010000110111100011101110100001101101110001111000101100011011100011001101110111010100110110011011 '
b11000010011010101101000110000010110111110011011110010101101110110001000001110100110101100010001101100001101110101100011011000 "
b11000010011010101101000110000010110111110011011110010101101110110001000001110100110101100010001101100001101110101100011011000 %
b100 P
b110011 O
#521000
b10111011111011010101101101110111 M
b100 P
#530000
b11101101111101101100101111011011 L
b11000101111100101101111110001011 C
b11111111101010111011111111111111 :
b11101101111101101100101111011011110001011111001011011111100010111111111110101011101111111111111111101011100101111111011111010111 !
b11101101111101101100101111011011110001011111001011011111100010111111111110101011101111111111111111101011100101111111011111010111 (
b11101011100101111111011111010111 1
b1000000011101100100001010000000 G
b11101101100000001000101111011011 E
b10000000111100100101111100000001 >
b11000101111000101000101110001011 <
b11110100101000011010110111101001 5
b10111011000010111001011101110110 3
b10000011100001111000011100000111 ,
b11101010000101011111010111010100 *
b1000000011101100100001010000000100000001111001001011111000000011111010010100001101011011110100110000011100001111000011100000111 $
b1000000011101100100001010000000100000001111001001011111000000011111010010100001101011011110100110000011100001111000011100000111 '
b11101101100000001000101111011011110001011110001010001011100010111011101100001011100101110111011011101010000101011111010111010100 "
b11101101100000001000101111011011110001011110001010001011100010111011101100001011100101110111011011101010000101011111010111010100 %
b100 P
b110100 O
#531000
b11101101111101101100101111011011 M
b100 P
#540000
b1001010110001001110000010010101 1
b100100101100000000101001001001 :
b1100011001000110100101011000110 C
b11111000110010110000001111110010011000110010001101001010110001100010010010110000000010100100100101001010110001001110000010010101 !
b11111000110010110000001111110010011000110010001101001010110001100010010010110000000010100100100101001010110001001110000010010101 (
b11111000110010110000001111110010 L
b11011101101010110000000110 G
b11111100010000011010111111111000 E
b1110100110110000110111011101001 >
b11010111111110111011100110101111 <
b110011000000101101101001100110 5
b1010111101100101110010010101111 3
b11000001001111111101000110000 ,
b1100010111011001101101011000101 *
b1 #
b1 &
b1 +
b1 4
b1 =
b1 F
b11011101101010110000000110011101001101100001101110111010010011001100000010110110100110011000011000001001111111101000110000 $
b11011101101010110000000110011101001101100001101110111010010011001100000010110110100110011000011000001001111111101000110000 '
b11111100010000011010111111111000110101111111101110111001101011110101011110110010111001001010111101100010111011001101101011000101 "
b11111100010000011010111111111000110101111111101110111001101011110101011110110010111001001010111101100010111011001101101011000101 %
b100 P
b110101 O
#541000
b11111000110010110000001111110010 M
b100 P
#550000
b11101011110110100011000111011 L
b1011110011110110111010010111101 C
b11000111001000111111000110001110 :
b11101011110110100011000111011010111100111101101110100101111011100011100100011111100011000111010100110001110101011101101001100 !
b11101011110110100011000111011010111100111101101110100101111011100011100100011111100011000111010100110001110101011101101001100 (
b10100110001110101011101101001100 1
b10010100101101000011011100101001 G
b10110010001011110111110101100100 E
b10100001000001110101000101000 >
b1110010100111000101111011100101 <
b10110000010011100100110101100000 5
b1110111011100100011111011101110 3
b1001010101101000111110010010101 ,
b11110000111011110011011111100001 *
b10010100101101000011011100101001000101000010000011101010001010001011000001001110010011010110000001001010101101000111110010010101 $
b10010100101101000011011100101001000101000010000011101010001010001011000001001110010011010110000001001010101101000111110010010101 '
b10110010001011110111110101100100011100101001110001011110111001010111011101110010001111101110111011110000111011110011011111100001 "
b10110010001011110111110101100100011100101001110001011110111001010111011101110010001111101110111011110000111011110011011111100001 %
b100 P
b110110 O
#551000
b11101011110110100011000111011 M
b100 P
#560000
b11001101110110000011110110011011 L
b10111011110101010110001101111000 C
b11010110000010110011101110101100 :
b11001101110110000011110110011011101110111101010101100011011110001101011000001011001110111010110010000100101001110011110100001001 !
b11001101110110000011110110011011101110111101010101100011011110001101011000001011001110111010110010000100101001110011110100001001 (
b10000100101001110011110100001001 1
b10000111100111111100001100001111 G
b1010101011110000000000010101010 E
b11111000011000100111000111110000 >
b10110100001101111101010101101000 <
b11101010100111111011100111010101 5
b11000000101010101111010110000001 3
b10110111000101010001010101101110 ,
b111011101111000101001001110111 *
b10000111100111111100001100001111111110000110001001110001111100001110101010011111101110011101010110110111000101010001010101101110 $
b10000111100111111100001100001111111110000110001001110001111100001110101010011111101110011101010110110111000101010001010101101110 '
b1010101011110000000000010101010101101000011011111010101011010001100000010101010111101011000000100111011101111000101001001110111 "
b1010101011110000000000010101010101101000011011111010101011010001100000010101010111101011000000100111011101111000101001001110111 %
b100 P
b110111 O
#561000
b11001101110110000011110110011011 M
b100 P
#570000
b110000010101001010000001100 1
b10000011000000100110000100000 :
b1010100101000011010000010101001 C
b101101000100001000000001011010101001010000110100000101010010001000001100000010011000010000000000110000010101001010000001100 !
b101101000100001000000001011010101001010000110100000101010010001000001100000010011000010000000000110000010101001010000001100 (
b101101000100001000000001011 L
b1010111101000100011110010101111 G
b101101111001111101000001011011 E
b11110111111010111011000111101111 >
b1010100101101011110011010101001 <
b10011110011001100100110100111100 5
b1110001011000011101110011100010 3
b11000111001011101001010110001110 ,
b111110100110111011110001111101 *
b10 #
b10 &
b10 +
b10 4
b10 =
b10 F
b1010111101000100011110010101111111101111110101110110001111011111001111001100110010011010011110011000111001011101001010110001110 $
b1010111101000100011110010101111111101111110101110110001111011111001111001100110010011010011110011000111001011101001010110001110 '
b101101111001111101000001011011010101001011010111100110101010010111000101100001110111001110001000111110100110111011110001111101 "
b101101111001111101000001011011010101001011010111100110101010010111000101100001110111001110001000111110100110111011110001111101 %
b100 P
b111000 O
#571000
b101101000100001000000001011 M
b100 P
#580000
b1100110011000000011101011001100 1
b111100101001000111011001111000 :
b100010111100110001000001000 C
b1101001101010100001100011010011000001000101111001100010000010000011110010100100011101100111100001100110011000000011101011001100 !
b1101001101010100001100011010011000001000101111001100010000010000011110010100100011101100111100001100110011000000011101011001100 (
b1101001101010100001100011010011 L
b11101000100100000100000111010 G
b1001100100110000001000010011001 E
b1011011100110000011101010110111 >
b10101000110001100010011101010001 <
b10110010110111000100000101100101 5
b10001001110010000011010100010011 3
b10001001100011100010110100010011 ,
b11011100110100100000110110111001 *
b0 #
b0 &
b0 +
b0 4
b0 =
b0 F
b11101000100100000100000111010010110111001100000111010101101111011001011011100010000010110010110001001100011100010110100010011 $
b11101000100100000100000111010010110111001100000111010101101111011001011011100010000010110010110001001100011100010110100010011 '
b1001100100110000001000010011001101010001100011000100111010100011000100111001000001101010001001111011100110100100000110110111001 "
b1001100100110000001000010011001101010001100011000100111010100011000100111001000001101010001001111011100110100100000110110111001 %
b100 P
b111001 O
#581000
b1101001101010100001100011010011 M
b100 P
#590000
b1011011100001100110110010110110 L
b10011111101100100000001100111110 C
b11010011111011100010000110100111 :
b1011011100001100110110010110110100111111011001000000011001111101101001111101110001000011010011100100011101100010111001001000110 !
b1011011100001100110110010110110100111111011001000000011001111101101001111101110001000011010011100100011101100010111001001000110 (
b100011101100010111001001000110 1
b1100100101010000000000011001001 G
b11110110110111100110101111101101 E
b11110010110000111010001111100101 >
b10101100111011100101111101011001 <
b111110110110100100010001111101 5
b10010101000100111101110100101010 3
b1110010001101010110101011100100 ,
b10110001011111000000011101100010 *
b1100100101010000000000011001001111100101100001110100011111001010011111011011010010001000111110101110010001101010110101011100100 $
b1100100101010000000000011001001111100101100001110100011111001010011111011011010010001000111110101110010001101010110101011100100 '
b11110110110111100110101111101101101011001110111001011111010110011001010100010011110111010010101010110001011111000000011101100010 "
b11110110110111100110101111101101101011001110111001011111010110011001010100010011110111010010101010110001011111000000011101100010 %
b100 P
b111010 O
#591000
b1011011100001100110110010110110 M
b100 P
#600000
b11111111111001111101110111111111 1
b11111110100101111111111111111101 :
b1010011011011101111010010100110 C
b11111111110111011111111111111111010100110110111011110100101001101111111010010111111111111111110111111111111001111101110111111111 !
b11111111110111011111111111111111010100110110111011110100101001101111111010010111111111111111110111111111111001111101110111111111 (
b11111111110111011111111111111111 L
b110101010101011101111001101010 G
b11011110100110000011110110111101 E
b1010001010010000010000010100010 >
b11001001101101010000000110 <
b10111000000100111001111101110000 5
b1100110100101101110100011001101 3
b1101101101001110001110011011011 ,
b11010111110000011101000110101111 *
b11 #
b11 &
b11 +
b11 4
b11 =
b11 F
b110101010101011101111001101010010100010100100000100000101000101011100000010011100111110111000001101101101001110001110011011011 $
b110101010101011101111001101010010100010100100000100000101000101011100000010011100111110111000001101101101001110001110011011011 '
b11011110100110000011110110111101000000110010011011010100000001100110011010010110111010001100110111010111110000011101000110101111 "
b11011110100110000011110110111101000000110010011011010100000001100110011010010110111010001100110111010111110000011101000110101111 %
b100 P
b111011 O
#601000
b11111111110111011111111111111111 M
b100 P
#610000
b10111101111111111011101101111011 L
b11111111011110111100111111111110 C
b111110101111111101110001111101 :
b10111101111111111011101101111011111111110111101111001111111111100011111010111111110111000111110100111101111011101111111001111011 !
b10111101111111111011101101111011111111110111101111001111111111100011111010111111110111000111110100111101111011101111111001111011 (
b111101111011101111111001111011 1
b10111100101100111010101101111001 G
b10010001110011001001101100100011 E
b101110001000111100111001011100 >
b11111011011110111000100111110110 <
b111100001111111000010001111000 5
b10010100111010101100000100101 3
b111101100001101111010001111011 ,
b101000011011000101111001010000 *
b10111100101100111010101101111001001011100010001111001110010111000011110000111111100001000111100000111101100001101111010001111011 $
b10111100101100111010101101111001001011100010001111001110010111000011110000111111100001000111100000111101100001101111010001111011 '
b10010001110011001001101100100011111110110111101110001001111101100001001010011101010110000010010100101000011011000101111001010000 "
b10010001110011001001101100100011111110110111101110001001111101100001001010011101010110000010010100101000011011000101111001010000 %
b100 P
b111100 O
#611000
b10111101111111111011101101111011 M
b100 P
#620000
b1010110110001000101100010101101 1
b10110011000101101001000101100111 :
b1111100111101010011011011111010 C
b1010000010010100110110010100000011111001111010100110110111110101011001100010110100100010110011101010110110001000101100010101101 !
b1010000010010100110110010100000011111001111010100110110111110101011001100010110100100010110011101010110110001000101100010101101 (
b1010000010010100110110010100000 L
b11011100101000100110111110111001 G
b101100111011001101110001011001 E
b11101010000110100110000111010100 >
b1100111000011111001100011001110 <
b10000110011100010000001100001100 5
b111001100001111001010001110011 3
b111000011001110111000001110 ,
b1011101110100010100011010111011 *
b1 #
b1 &
b1 +
b1 4
b1 =
b1 F
b11011100101000100110111110111001111010100001101001100001110101001000011001110001000000110000110000000111000011001110111000001110 $
b11011100101000100110111110111001111010100001101001100001110101001000011001110001000000110000110000000111000011001110111000001110 '
b101100111011001101110001011001011001110000111110011000110011100011100110000111100101000111001101011101110100010100011010111011 "
b101100111011001101110001011001011001110000111110011000110011100011100110000111100101000111001101011101110100010100011010111011 %
b100 P
b111101 O
#621000
b1010000010010100110110010100000 M
b100 P
#630000
b111010010001001010001001110100 1
b100011011000111000000001000 :
b11000001001001000000000 C
b10000010000110000100000100000100000000000110000010010010000000000000010001101100011100000000100000111010010001001010001001110100 !
b10000010000110000100000100000100000000000110000010010010000000000000010001101100011100000000100000111010010001001010001001110100 (
b10000010000110000100000100000100 L
b10100111000111000100001101001110 G
b10000010111110111111100100000101 E
b1010111011001011111000010101 >
b10000001011100101001001100000010 <
b11100111111000111101000111001 5
b10000110011011001111000100001100 3
b111010111101001110001001110101 ,
b11111010010011111011111111110100 *
b10 #
b10 &
b10 +
b10 4
b10 =
b10 F
b10100111000111000100001101001110000010101110110010111110000101010001110011111100011110100011100100111010111101001110001001110101 $
b10100111000111000100001101001110000010101110110010111110000101010001110011111100011110100011100100111010111101001110001001110101 '
b10000010111110111111100100000101100000010111001010010011000000101000011001101100111100010000110011111010010011111011111111110100 "
b10000010111110111111100100000101100000010111001010010011000000101000011001101100111100010000110011111010010011111011111111110100 %
b100 P
b111110 O
#631000
b10000010000110000100000100000100 M
b100 P
#640000
b100010001000001000000001000100 L
b11000000010100010000000110000000 C
b1000110101001000000001010001101 :
b100010001000001000000001000100110000000101000100000001100000000100011010100100000000101000110100000100011110010001000000001000 !
b100010001000001000000001000100110000000101000100000001100000000100011010100100000000101000110100000100011110010001000000001000 (
b100011110010001000000001000 1
b100110001000001001000001001100 G
b11111010111101101010101111110101 E
b11001000010110010000100110010000 >
b11110100011100110011000111101000 <
b1010111101101001000111010101111 5
b11000110111001110101001110001101 3
b100011111111011001000001000 ,
b11011100011110010101000110111000 *
b100110001000001001000001001100110010000101100100001001100100000101011110110100100011101010111100000100011111111011001000001000 $
b100110001000001001000001001100110010000101100100001001100100000101011110110100100011101010111100000100011111111011001000001000 '
b11111010111101101010101111110101111101000111001100110001111010001100011011100111010100111000110111011100011110010101000110111000 "
b11111010111101101010101111110101111101000111001100110001111010001100011011100111010100111000110111011100011110010101000110111000 %
b100 P
b111111 O
#641000
b100010001000001000000001000100 M
b100 P
#650000
b10110010101011011010011101100101 1
b111110111111111011011001111101 :
b10010110110111111111100100101101 C
b11011110011111110101100110111100100101101101111111111001001011010011111011111111101101100111110110110010101011011010011101100101 !
b11011110011111110101100110111100100101101101111111111001001011010011111011111111101101100111110110110010101011011010011101100101 (
b11011110011111110101100110111100 L
b11000011110110000100000110000 G
b11011110001001010101000110111100 E
b10100110111101101100000101001 >
b10010110110010111111100100101101 <
b111000011111000001000001110000 5
b110111010111011011000001101 3
b10010010101010010000001100100101 ,
b100000000001011010011001000000 *
b11 #
b11 &
b11 +
b11 4
b11 =
b11 F
b11000011110110000100000110000000101001101111011011000001010010011100001111100000100000111000010010010101010010000001100100101 $
b11000011110110000100000110000000101001101111011011000001010010011100001111100000100000111000010010010101010010000001100100101 '
b11011110001001010101000110111100100101101100101111111001001011010000011011101011101101100000110100100000000001011010011001000000 "
b11011110001001010101000110111100100101101100101111111001001011010000011011101011101101100000110100100000000001011010011001000000 %
b100 P
b1000000 O
#651000
b11011110011111110101100110111100 M
b100 P
#660000
b1111111010110001011011011111110 L
b11111110111011111110111111111101 C
b11111110111111110011111111111101 :
b1111111010110001011011011111110111111101110111111101111111111011111111011111111001111111111110111111000111111110110101111110001 !
b1111111010110001011011011111110111111101110111111101111111111011111111011111111001111111111110111111000111111110110101111110001 (
b11111000111111110110101111110001 1
b110101010110001010011001101010 G
b1001010010010000001001010010100 E
b101110111010101100110001011101 >
b11111010100001111010111111110101 <
b1111010111100110010111011110101 5
b10100110101111110011111101001101 3
b1010000110011110110101010100001 ,
b10101000011101100110100101010000 *
b110101010110001010011001101010001011101110101011001100010111010111101011110011001011101111010101010000110011110110101010100001 $
b110101010110001010011001101010001011101110101011001100010111010111101011110011001011101111010101010000110011110110101010100001 '
b1001010010010000001001010010100111110101000011110101111111101011010011010111111001111110100110110101000011101100110100101010000 "
b1001010010010000001001010010100111110101000011110101111111101011010011010111111001111110100110110101000011101100110100101010000 %
b100 P
b1000001 O
#661000
b1111111010110001011011011111110 M
b100 P
#670000
b1001100000000000000100010011000 1
b100001010000000000001001000010 :
b1110010100010010000000011 C
b1010110100100101000000010101000000011100101000100100000000110010000101000000000000100100001001001100000000000000100010011000 !
b1010110100100101000000010101000000011100101000100100000000110010000101000000000000100100001001001100000000000000100010011000 (
b1010110100100101000000010101 L
b11011011110100111101101110110111 G
b101010110110100111010001010101 E
b1001001110010111011110010010011 >
b11111110100110010000000111 <
b10100011010000000000101101000110 5
b1111101011110010000011011111010 3
b1001111001100001001110010011110 ,
b1011100010000110000100010111000 *
b10 #
b10 &
b10 +
b10 4
b10 =
b10 F
b11011011110100111101101110110111010010011100101110111100100100111010001101000000000010110100011001001111001100001001110010011110 $
b11011011110100111101101110110111010010011100101110111100100100111010001101000000000010110100011001001111001100001001110010011110 '
b101010110110100111010001010101000000111111101001100100000001110111110101111001000001101111101001011100010000110000100010111000 "
b101010110110100111010001010101000000111111101001100100000001110111110101111001000001101111101001011100010000110000100010111000 %
b100 P
b1000010 O
#671000
b1010110100100101000000010101 M
b100 P
#680000
b111101100100111110101001111011 1
b110111011110111111111001101110 :
b1001111011110111111010010011110 C
b10101111010110111010010101011110010011110111101111110100100111100011011101111011111111100110111000111101100100111110101001111011 !
b10101111010110111010010101011110010011110111101111110100100111100011011101111011111111100110111000111101100100111110101001111011 (
b10101111010110111010010101011110 L
b10001110010000111000010100011100 G
b10101101000110011010010101011010 E
b1001000001110001111010010010000 >
b1111011000111110010000011110 <
b110100010010010111011001101000 5
b10011011100101100111000100110 3
b101100100100111110000001011001 ,
b110001100000000000101001100011 *
b11 #
b11 &
b11 +
b11 4
b11 =
b11 F
b10001110010000111000010100011100010010000011100011110100100100000011010001001001011101100110100000101100100100111110000001011001 $
b10001110010000111000010100011100010010000011100011110100100100000011010001001001011101100110100000101100100100111110000001011001 '
b10101101000110011010010101011010000011110110001111100100000111100001001101110010110011100010011000110001100000000000101001100011 "
b10101101000110011010010101011010000011110110001111100100000111100001001101110010110011100010011000110001100000000000101001100011 %
b100 P
b1000011 O
#681000
b10101111010110111010010101011110 M
b100 P
#690000
b11111111111101111011001111111111 L
b11100110110111101010111111001101 C
b11111111111110110110110111111111 :
b11111111111101111011001111111111111001101101111010101111110011011111111111111011011011011111111111111101101001101101111111111011 !
b11111111111101111011001111111111111001101101111010101111110011011111111111111011011011011111111111111101101001101101111111111011 (
b11111101101001101101111111111011 1
b11111110001001001001000111111100 G
b11000101111100110010001110001011 E
b11000110110101101010011110001101 >
b100010110011001000100001000101 <
b11101100011010100110110111011000 5
b10110111101110010110010101101111 3
b11101000001001101101100111010000 ,
b11010101100001100001111110101011 *
b11111110001001001001000111111100110001101101011010100111100011011110110001101010011011011101100011101000001001101101100111010000 $
b11111110001001001001000111111100110001101101011010100111100011011110110001101010011011011101100011101000001001101101100111010000 '
b11000101111100110010001110001011001000101100110010001000010001011011011110111001011001010110111111010101100001100001111110101011 "
b11000101111100110010001110001011001000101100110010001000010001011011011110111001011001010110111111010101100001100001111110101011 %
b100 P
b1000100 O
#691000
b11111111111101111011001111111111 M
b100 P
#700000
b101110000100000000000 1
b10010001100010000001000100100 :
b101000000010000000000001010000 C
b10100010000001000100001101000100001010000000100000000000010100000001001000110001000000100010010000000000000101110000100000000000 !
b10100010000001000100001101000100001010000000100000000000010100000001001000110001000000100010010000000000000101110000100000000000 (
b10100010000001000100001101000100 L
b10101110001101100100001101011100 G
b11100010000001010110101111000100 E
b101100011110000010110001011000 >
b1111001100010111100000011110011 <
b11111001110011000111000111110 5
b11010010101101010011001110100101 3
b10001100100101111000110100011001 ,
b1010010011111110000101010100100 *
b10 #
b10 &
b10 +
b10 4
b10 =
b10 F
b10101110001101100100001101011100001011000111100000101100010110000001111100111001100011100011111010001100100101111000110100011001 $
b10101110001101100100001101011100001011000111100000101100010110000001111100111001100011100011111010001100100101111000110100011001 '
b11100010000001010110101111000100011110011000101111000000111100111101001010110101001100111010010101010010011111110000101010100100 "
b11100010000001010110101111000100011110011000101111000000111100111101001010110101001100111010010101010010011111110000101010100100 %
b100 P
b1000101 O
#701000
b10100010000001000100001101000100 M
b100 P
#710000
b11000001000001110011011110000010 1
b10001101110110101001010100011011 :
b10101011001101100010110101010111 C
b1010011000000011000011010100110101010110011011000101101010101111000110111011010100101010001101111000001000001110011011110000010 !
b1010011000000011000011010100110101010110011011000101101010101111000110111011010100101010001101111000001000001110011011110000010 (
b1010011000000011000011010100110 L
b10000110001100110110001100001100 G
b11011001001101001110100110110010 E
b11100001110110111101010111000011 >
b10001101000100100000001100011010 <
b11010101000101011101000110101010 5
b1100010111100000110011011000101 3
b10001100000101100001100100011000 ,
b1001101000111010101000010011010 *
b1 #
b1 &
b1 +
b1 4
b1 =
b1 F
b10000110001100110110001100001100111000011101101111010101110000111101010100010101110100011010101010001100000101100001100100011000 $
b10000110001100110110001100001100111000011101101111010101110000111101010100010101110100011010101010001100000101100001100100011000 '
b11011001001101001110100110110010100011010001001000000011000110100110001011110000011001101100010101001101000111010101000010011010 "
b11011001001101001110100110110010100011010001001000000011000110100110001011110000011001101100010101001101000111010101000010011010 %
b100 P
b1000110 O
#711000
b1010011000000011000011010100110 M
b100 P
#720000
b11100001100010000111000111000011 1
b11111000001011000000000111110000 :
b10000100100000000010000100001001 C
b100101000010000100000001001100001001000000000100001000010011111100000101100000000011111000011100001100010000111000111000011 !
b100101000010000100000001001100001001000000000100001000010011111100000101100000000011111000011100001100010000111000111000011 (
b100101000010000100000001001 L
b1010110101000010010100010101101 G
b10001101111000010100101100011011 E
b10110111100011000111001101101111 >
b11000100100000111010110110001001 <
b11111001001011000000001111110010 5
b11111100001011011011100111111000 3
b11110101101011010111001111101011 ,
b11100001110110101111110111000011 *
b10 #
b10 &
b10 +
b10 4
b10 =
b10 F
b1010110101000010010100010101101101101111000110001110011011011111111100100101100000000111111001011110101101011010111001111101011 $
b1010110101000010010100010101101101101111000110001110011011011111111100100101100000000111111001011110101101011010111001111101011 '
b10001101111000010100101100011011110001001000001110101101100010011111110000101101101110011111100011100001110110101111110111000011 "
b10001101111000010100101100011011110001001000001110101101100010011111110000101101101110011111100011100001110110101111110111000011 %
b100 P
b1000111 O
#721000
b100101000010000100000001001 M
b100 P
#730000
b1001000100000000000000 L
b100100001100000000000 C
b101100101001000000000001011 :
b1001000100000000000000000000000001001000011000000000000000010110010100100000000000101100000010111010000001001000000101 !
b1001000100000000000000000000000001001000011000000000000000010110010100100000000000101100000010111010000001001000000101 (
b10111010000001001000000101 1
b10001101000100001000000100 G
b11000001001011011111110110000010 E
b10101110110101101101100101011101 >
b1000000001110110011111010000000 <
b1101100101001101001000011011 5
b11010101110111011000110110101011 3
b11100111111010000101011111001111 ,
b10010111110010001001000100101 *
b10001101000100001000000100101011101101011011011001010111010000110110010100110100100001101111100111111010000101011111001111 $
b10001101000100001000000100101011101101011011011001010111010000110110010100110100100001101111100111111010000101011111001111 '
b11000001001011011111110110000010010000000011101100111110100000001101010111011101100011011010101100010010111110010001001000100101 "
b11000001001011011111110110000010010000000011101100111110100000001101010111011101100011011010101100010010111110010001001000100101 %
b100 P
b1001000 O
#731000
b1001000100000000000000 M
b100 P
#740000
b10011011011111101000101100110110 1
b1111110111010111010111011111101 :
b1011111011111111110110010111110 C
b11110111010110011110110111101110010111110111111111101100101111100111111011101011101011101111110110011011011111101000101100110110 !
b11110111010110011110110111101110010111110111111111101100101111100111111011101011101011101111110110011011011111101000101100110110 (
b11110111010110011110110111101110 L
b10111010110011000100000101110 G
b11100000010100000110010111000000 E
b1010101011111111110110010101010 >
b1011010000101110110000010110 <
b1110010010010111010111011100100 5
b111100111000110010100001111001 3
b10011001011010100000001100110010 ,
b10011011001101101000101100110110 *
b11 #
b11 &
b11 +
b11 4
b11 =
b11 F
b10111010110011000100000101110010101010111111111101100101010100111001001001011101011101110010010011001011010100000001100110010 $
b10111010110011000100000101110010101010111111111101100101010100111001001001011101011101110010010011001011010100000001100110010 '
b11100000010100000110010111000000000010110100001011101100000101100011110011100011001010000111100110011011001101101000101100110110 "
b11100000010100000110010111000000000010110100001011101100000101100011110011100011001010000111100110011011001101101000101100110110 %
b100 P
b1001001 O
#741000
b11110111010110011110110111101110 M
b100 P
#750000
b111010110000100011001001110110 1
b1101111111000111011100011100000 :
b101011000011000101001001010110 C
b11011010111011110011000110110001010110000110001010010010101100110111111100011101110001110000000111010110000100011001001110110 !
b11011010111011110011000110110001010110000110001010010010101100110111111100011101110001110000000111010110000100011001001110110 (
b11011010111011110011000110110 L
b11011010100111010011101110110101 G
b11110101111110110010000111101011 E
b1100000111000000000010011000001 >
b10001011111011000101011100010111 <
b1101110011100000110100011011100 5
b11011110010101000010000110111100 3
b11111101111111101000111111111011 ,
b111000110000001100001001110001 *
b1 #
b1 &
b1 +
b1 4
b1 =
b1 F
b11011010100111010011101110110101011000001110000000000100110000010110111001110000011010001101110011111101111111101000111111111011 $
b11011010100111010011101110110101011000001110000000000100110000010110111001110000011010001101110011111101111111101000111111111011 '
b11110101111110110010000111101011100010111110110001010111000101111101111001010100001000011011110000111000110000001100001001110001 "
b11110101111110110010000111101011100010111110110001010111000101111101111001010100001000011011110000111000110000001100001001110001 %
b100 P
b1001010 O
#751000
b11011010111011110011000110110 M
b100 P
#760000
b11010100011111001100110110101001 L
b101001110110000011011001010100 C
b11101110100100011000111111011101 :
b11010100011111001100110110101001001010011101100000110110010101001110111010010001100011111101110111100111101110111110101111010000 !
b11010100011111001100110110101001001010011101100000110110010101001110111010010001100011111101110111100111101110111110101111010000 (
b11100111101110111110101111010000 1
b10111000111001101010011101110001 G
b10001101011000110111010100011010 E
b1000001010001001100110010000010 >
b1101011000111010000001011010110 <
b1101001101101001001101011010011 5
b1011000010001100010101010110000 3
b1011111111101101111011010111111 ,
b1000111101100101110001010001111 *
b10111000111001101010011101110001010000010100010011001100100000100110100110110100100110101101001101011111111101101111011010111111 $
b10111000111001101010011101110001010000010100010011001100100000100110100110110100100110101101001101011111111101101111011010111111 '
b10001101011000110111010100011010011010110001110100000010110101100101100001000110001010101011000001000111101100101110001010001111 "
b10001101011000110111010100011010011010110001110100000010110101100101100001000110001010101011000001000111101100101110001010001111 %
b100 P
b1001011 O
#761000
b11010100011111001100110110101001 M
b100 P
#770000
b10000000001010011010001011111111 1
b1101001010000110110000011010010 :
b1011010010100111011001010110100 C
b10001011101100100101111100010110010110100101001110110010101101000110100101000011011000001101001010000000001010011010001011111111 !
b10001011101100100101111100010110010110100101001110110010101101000110100101000011011000001101001010000000001010011010001011111111 (
b10001011101100100101111100010110 L
b10101010000011101011000101010 G
b1110110011100001000100011101100 E
b11001100000110001100011110011000 >
b10001110001110101110101100011100 <
b10000010101111010100001100000101 5
b11100110100001100001110111001101 3
b1111000110001110001010011110001 ,
b111011000101000111000001110 *
b0 #
b0 &
b0 +
b0 4
b0 =
b0 F
b10101010000011101011000101010110011000001100011000111100110001000001010111101010000110000010101111000110001110001010011110001 $
b10101010000011101011000101010110011000001100011000111100110001000001010111101010000110000010101111000110001110001010011110001 '
b1110110011100001000100011101100100011100011101011101011000111001110011010000110000111011100110100000111011000101000111000001110 "
b1110110011100001000100011101100100011100011101011101011000111001110011010000110000111011100110100000111011000101000111000001110 %
b100 P
b1001100 O
#771000
b10001011101100100101111100010110 M
b100 P
#780000
b10010011010011100001000100100 L
b10010011101101000100001100100110 C
b11111110001000000111101111111011 :
b10010011010011100001000100100100100111011010001000011001001101111111000100000011110111111101110011101100011000011101100111010 !
b10010011010011100001000100100100100111011010001000011001001101111111000100000011110111111101110011101100011000011101100111010 (
b10011101100011000011101100111010 1
b11011000000010011000100110110000 G
b111010011000000011100001110100 E
b1110100001110100011010011101000 >
b11111011110100000111000111110 <
b1111110101011011101110011111101 5
b1111111011100101001111011111110 3
b1111110100011011000000011 ,
b10011011100100100000010100110111 *
b11011000000010011000100110110000011101000011101000110100111010000111111010101101110111001111110100000001111110100011011000000011 $
b11011000000010011000100110110000011101000011101000110100111010000111111010101101110111001111110100000001111110100011011000000011 '
b111010011000000011100001110100000111110111101000001110001111100111111101110010100111101111111010011011100100100000010100110111 "
b111010011000000011100001110100000111110111101000001110001111100111111101110010100111101111111010011011100100100000010100110111 %
b100 P
b1001101 O
#781000
b10010011010011100001000100100 M
b100 P
#790000
b100100110000000000 1
b1100010001000000000000011000100 :
b10011001000011110000100100110010 C
b110101100011010010100001101011100110010000111100001001001100100110001000100000000000001100010000000000000000100100110000000000 !
b110101100011010010100001101011100110010000111100001001001100100110001000100000000000001100010000000000000000100100110000000000 (
b110101100011010010100001101011 L
b110101100011010111110001101011 G
b11111101110111011010101111111011 E
b11111001100111110000100111110011 >
b10011011000011110000110100110110 <
b1111111001000000010111011111110 5
b1100010101110100000000011000101 3
b110100011010101111110001101000 ,
b10001001000101100100110100010010 *
b10 #
b10 &
b10 +
b10 4
b10 =
b10 F
b110101100011010111110001101011111110011001111100001001111100110111111100100000001011101111111000110100011010101111110001101000 $
b110101100011010111110001101011111110011001111100001001111100110111111100100000001011101111111000110100011010101111110001101000 '
b11111101110111011010101111111011100110110000111100001101001101100110001010111010000000001100010110001001000101100100110100010010 "
b11111101110111011010101111111011100110110000111100001101001101100110001010111010000000001100010110001001000101100100110100010010 %
b100 P
b1001110 O
#791000
b110101100011010010100001101011 M
b100 P
#800000
b11111101100010000111111111111011 1
b1000001100110011001011010000100 :
b100110010100001011000001001 C
b10110011000011111101011101100111000001001100101000010110000010010100000110011001100101101000010011111101100010000111111111111011 !
b10110011000011111101011101100111000001001100101000010110000010010100000110011001100101101000010011111101100010000111111111111011 (
b10110011000011111101011101100111 L
b10000010011101111110101100000100 G
b110101100001111100001001101011 E
b1100101101011000001000011001011 >
b1101010011101100010011011010100 <
b1010011011001100110111010100110 5
b10010101000000000000010100101010 3
b1010010001111011011000010100 ,
b111110100000011011000001111 *
b1 #
b1 &
b1 +
b1 4
b1 =
b1 F
b10000010011101111110101100000100011001011010110000010000110010110101001101100110011011101010011000001010010001111011011000010100 $
b10000010011101111110101100000100011001011010110000010000110010110101001101100110011011101010011000001010010001111011011000010100 '
b110101100001111100001001101011011010100111011000100110110101001001010100000000000001010010101000000111110100000011011000001111 "
b110101100001111100001001101011011010100111011000100110110101001001010100000000000001010010101000000111110100000011011000001111 %
b100 P
b1001111 O
#801000
b10110011000011111101011101100111 M
b100 P
#810000
b1000000100010100110000010000001 1
b1000000100000010011010010000001 :
b100000010111110000011001000000 C
b10011001000000001000000100001000000101111100000110010000000100000010000001001101001000000101000000100010100110000010000001 !
b10011001000000001000000100001000000101111100000110010000000100000010000001001101001000000101000000100010100110000010000001 (
b10011001000000001000000100 L
b10011110011101001100101100111100 G
b100011011001000011001001000110 E
b110000010111111000111001100000 >
b1100100110111110001011011001001 <
b1011100100110010111010010111001 5
b11000010111000111011110110000101 3
b1110000111010100111000011100001 ,
b11000110100010110110000110001101 *
b10 #
b10 &
b10 +
b10 4
b10 =
b10 F
b10011110011101001100101100111100001100000101111110001110011000000101110010011001011101001011100101110000111010100111000011100001 $
b10011110011101001100101100111100001100000101111110001110011000000101110010011001011101001011100101110000111010100111000011100001 '
b100011011001000011001001000110011001001101111100010110110010011100001011100011101111011000010111000110100010110110000110001101 "
b100011011001000011001001000110011001001101111100010110110010011100001011100011101111011000010111000110100010110110000110001101 %
b100 P
b1010000 O
#811000
b10011001000000001000000100 M
b100 P
#820000
b10111101110111100101011101111011 1
b11101111011111011111001111011110 :
b11111000011111111111011111110000 C
b10100001111100111110111101000011111110000111111111110111111100001110111101111101111100111101111010111101110111100101011101111011 !
b10100001111100111110111101000011111110000111111111110111111100001110111101111101111100111101111010111101110111100101011101111011 (
b10100001111100111110111101000011 L
b10100001100000100000111101000011 G
b10000000011100111110010100000000 E
b11101000010001011111010111010000 >
b10011000001111111100001100110000 <
b11101110011011010010001111011100 5
b111011110001101001000001110 3
b10111001110101100101011101110011 ,
b10101100000011000101010101011000 *
b11 #
b11 &
b11 +
b11 4
b11 =
b11 F
b10100001100000100000111101000011111010000100010111110101110100001110111001101101001000111101110010111001110101100101011101110011 $
b10100001100000100000111101000011111010000100010111110101110100001110111001101101001000111101110010111001110101100101011101110011 '
b10000000011100111110010100000000100110000011111111000011001100000000011101111000110100100000111010101100000011000101010101011000 "
b10000000011100111110010100000000100110000011111111000011001100000000011101111000110100100000111010101100000011000101010101011000 %
b100 P
b1010001 O
#821000
b10100001111100111110111101000011 M
b100 P
#830000
b11111010011110011011100111110100 1
b1111100010001111100110011110111 :
b11000001000111011110110110000001 C
b11001111000011111101001110011101110000010001110111101101100000010111110001000111110011001111011111111010011110011011100111110100 !
b11001111000011111101001110011101110000010001110111101101100000010111110001000111110011001111011111111010011110011011100111110100 (
b11001111000011111101001110011101 L
b111000011101100000001001110000 G
b10010110100110011101000100101101 E
b1111101010111110101101011111010 >
b1000011101111101001001010000111 <
b10101111111011110011110101011111 5
b11001100010110001000111110011000 3
b10101001110000000001111101010011 ,
b1010000101110011001101010100001 *
b0 #
b0 &
b0 +
b0 4
b0 =
b0 F
b111000011101100000001001110000011111010101111101011010111110101010111111101111001111010101111110101001110000000001111101010011 $
b111000011101100000001001110000011111010101111101011010111110101010111111101111001111010101111110101001110000000001111101010011 '
b10010110100110011101000100101101010000111011111010010010100001111100110001011000100011111001100001010000101110011001101010100001 "
b10010110100110011101000100101101010000111011111010010010100001111100110001011000100011111001100001010000101110011001101010100001 %
b100 P
b1010010 O
#831000
b11001111000011111101001110011101 M
b100 P
#840000
b1111101001110111100000011111 1
b11111111011101010111001111111111 :
b11101010100111000000101111010101 C
b100000010001111110101001000000111010101001110000001011110101011111111101110101011100111111111100001111101001110111100000011111 !
b100000010001111110101001000000111010101001110000001011110101011111111101110101011100111111111100001111101001110111100000011111 (
b100000010001111110101001000000 L
b10101010000110111010001101010100 G
b11001010011000111000110110010100 E
b10100000001100010000011101000000 >
b10001010110011010001001100010101 <
b10000110110110110110101100001101 5
b10000110010100001101111100001100 3
b1001001011111100000000010010 ,
b11000110101110011100000110001 *
b1 #
b1 &
b1 +
b1 4
b1 =
b1 F
b10101010000110111010001101010100101000000011000100000111010000001000011011011011011010110000110100001001001011111100000000010010 $
b10101010000110111010001101010100101000000011000100000111010000001000011011011011011010110000110100001001001011111100000000010010 '
b11001010011000111000110110010100100010101100110100010011000101011000011001010000110111110000110000011000110101110011100000110001 "
b11001010011000111000110110010100100010101100110100010011000101011000011001010000110111110000110000011000110101110011100000110001 %
b100 P
b1010011 O
#841000
b100000010001111110101001000000 M
b100 P
#850000
b11101001111011111001011111010011 1
b1111110110111111111111011111101 :
b10111111111111000001110101111111 C
b10111111111011010111111101111111101111111111110000011101011111110111111011011111111111101111110111101001111011111001011111010011 !
b10111111111011010111111101111111101111111111110000011101011111110111111011011111111111101111110111101001111011111001011111010011 (
b10111111111011010111111101111111 L
b10010001110000000101101100100011 G
b101111111011010010011001011111 E
b10010011110101000000110100100111 >
b111100011110000001000001111000 <
b1101110010011101110011011011100 5
b1110110100101011101111011101101 3
b1100001111000111000011011000011 ,
b10001001100011010001010100010011 *
b11 #
b11 &
b11 +
b11 4
b11 =
b11 F
b10010001110000000101101100100011100100111101010000001101001001110110111001001110111001101101110001100001111000111000011011000011 $
b10010001110000000101101100100011100100111101010000001101001001110110111001001110111001101101110001100001111000111000011011000011 '
b101111111011010010011001011111001111000111100000010000011110000111011010010101110111101110110110001001100011010001010100010011 "
b101111111011010010011001011111001111000111100000010000011110000111011010010101110111101110110110001001100011010001010100010011 %
b100 P
b1010100 O
#851000
b10111111111011010111111101111111 M
b100 P
#860000
b1110011111111111010011011100111 L
b11100111010101001111011111001110 C
b11100111111110111111110111001111 :
b1110011111111111010011011100111111001110101010011110111110011101110011111111011111111011100111110011101010100110101111100111010 !
b1110011111111111010011011100111111001110101010011110111110011101110011111111011111111011100111110011101010100110101111100111010 (
b10011101010100110101111100111010 1
b10010011111111010010000100100 G
b1100011100011100010001011000111 E
b11100111010101001101011111001110 >
b1000001010000000110001010000010 <
b1100011111010110100110011000111 5
b11100100111100101011110111001001 3
b10010001010100110100110100100010 ,
b10011100010000100001011100111000 *
b10010011111111010010000100100111001110101010011010111110011100110001111101011010011001100011110010001010100110100110100100010 $
b10010011111111010010000100100111001110101010011010111110011100110001111101011010011001100011110010001010100110100110100100010 '
b1100011100011100010001011000111010000010100000001100010100000101110010011110010101111011100100110011100010000100001011100111000 "
b1100011100011100010001011000111010000010100000001100010100000101110010011110010101111011100100110011100010000100001011100111000 %
b100 P
b1010101 O
#861000
b1110011111111111010011011100111 M
b100 P
#870000
b1001001101000101010010010010011 1
b11001101010101011010101110011011 :
b1011011000001101101100010110110 C
b11101010110011011000001000010110110000011011011000101101101100110101010101101010111001101101001001101000101010010010010011 !
b11101010110011011000001000010110110000011011011000101101101100110101010101101010111001101101001001101000101010010010010011 (
b11101010110011011000001000 L
b101000010110100110101001010000 G
b101100000001011010000001011000 E
b1000001001000110011101010000010 >
b10011100001010100001001100111000 <
b1101011111010111001000011010 5
b11011010110100110001110110110101 3
b10111010110000100110111101110101 ,
b100011001010001010000001000 *
b1 #
b1 &
b1 +
b1 4
b1 =
b1 F
b101000010110100110101001010000010000010010001100111010100000100000110101111101011100100001101010111010110000100110111101110101 $
b101000010110100110101001010000010000010010001100111010100000100000110101111101011100100001101010111010110000100110111101110101 '
b101100000001011010000001011000100111000010101000010011001110001101101011010011000111011011010100000100011001010001010000001000 "
b101100000001011010000001011000100111000010101000010011001110001101101011010011000111011011010100000100011001010001010000001000 %
b100 P
b1010110 O
#871000
b11101010110011011000001000 M
b100 P
#880000
b10000101000001111100001100001001 1
b1111000101011000101000011110000 :
b1011000000001101100000010101111 C
b1000101111010010101000010000010110000000011011000000101011110111100010101100010100001111000010000101000001111100001100001001 !
b1000101111010010101000010000010110000000011011000000101011110111100010101100010100001111000010000101000001111100001100001001 (
b1000101111010010101000010000 L
b10100100011001110011100101001000 G
b1100100010101011111000011001000 E
b101101111100110100000001011011 >
b101010000100111000000001010100 <
b10000011011100000011100100000110 5
b11110101001111000001011111101010 3
b10110010110000111101111101100101 ,
b11010010010000111110001110100100 *
b0 #
b0 &
b0 +
b0 4
b0 =
b0 F
b10100100011001110011100101001000001011011111001101000000010110111000001101110000001110010000011010110010110000111101111101100101 $
b10100100011001110011100101001000001011011111001101000000010110111000001101110000001110010000011010110010110000111101111101100101 '
b1100100010101011111000011001000001010100001001110000000010101001111010100111100000101111110101011010010010000111110001110100100 "
b1100100010101011111000011001000001010100001001110000000010101001111010100111100000101111110101011010010010000111110001110100100 %
b100 P
b1010111 O
#881000
b1000101111010010101000010000 M
b100 P
#890000
b1011000000010010011001010110000 1
b10000000100001101000000100000001 :
b10001000100000001100000100010001 C
b1011000000101100000001010110000100010001000000011000001000100011000000010000110100000010000000101011000000010010011001010110000 !
b1011000000101100000001010110000100010001000000011000001000100011000000010000110100000010000000101011000000010010011001010110000 (
b1011000000101100000001010110000 L
b1111101110111111000001011111011 G
b11011000000101100101001110110000 E
b10011010101000001101110100110101 >
b11001101100111101110001110011011 <
b11000001101011101101010110000011 5
b10101000110101101010100101010001 3
b1011010100010010011001010110101 ,
b11111100000111011111001111111000 *
b10 #
b10 &
b10 +
b10 4
b10 =
b10 F
b1111101110111111000001011111011100110101010000011011101001101011100000110101110110101011000001101011010100010010011001010110101 $
b1111101110111111000001011111011100110101010000011011101001101011100000110101110110101011000001101011010100010010011001010110101 '
b11011000000101100101001110110000110011011001111011100011100110111010100011010110101010010101000111111100000111011111001111111000 "
b11011000000101100101001110110000110011011001111011100011100110111010100011010110101010010101000111111100000111011111001111111000 %
b100 P
b1011000 O
#891000
b1011000000101100000001010110000 M
b100 P
#900000
b100100100001100110101001001000 1
b10010001111011000000000100100011 :
b11011101011110010101011110111010 C
b1000010011111010000101010000100110111010111100101010111101110101001000111101100000000010010001100100100100001100110101001001000 !
b1000010011111010000101010000100110111010111100101010111101110101001000111101100000000010010001100100100100001100110101001001000 (
b1000010011111010000101010000100 L
b10010111100010111001011100101111 G
b10101010111100010111001101010101 E
b101100100101110100100001011001 >
b10110000111000100000111101100001 <
b100011011010101110100001000110 5
b1101110100000010001100011011101 3
b1100001110001100010000011000 ,
b11000010011011010011000110000 *
b0 #
b0 &
b0 +
b0 4
b0 =
b0 F
b10010111100010111001011100101111001011001001011101001000010110010010001101101010111010000100011000001100001110001100010000011000 $
b10010111100010111001011100101111001011001001011101001000010110010010001101101010111010000100011000001100001110001100010000011000 '
b10101010111100010111001101010101101100001110001000001111011000010110111010000001000110001101110100011000010011011010011000110000 "
b10101010111100010111001101010101101100001110001000001111011000010110111010000001000110001101110100011000010011011010011000110000 %
b100 P
b1011001 O
#901000
b1000010011111010000101010000100 M
b100 P
#910000
b1101111110111111110111011011111 1
b11110100110111011111100111101001 :
b11101110111101111111100111011101 C
b11101011111111111111011111010111111011101111011111111001110111011111010011011101111110011110100101101111110111111110111011011111 !
b11101011111111111111011111010111111011101111011111111001110111011111010011011101111110011110100101101111110111111110111011011111 (
b11101011111111111111011111010111 L
b11101010001011000001001111010100 G
b11100001110110111110010111000011 E
b11101010101001001010000111010101 >
b10101100010101110111100101011000 <
b11110100110111000110100111101001 5
b10010100010001011011000100101000 3
b1101001110100100010110011010011 ,
b1101111000111011110101011011110 *
b11 #
b11 &
b11 +
b11 4
b11 =
b11 F
b11101010001011000001001111010100111010101010010010100001110101011111010011011100011010011110100101101001110100100010110011010011 $
b11101010001011000001001111010100111010101010010010100001110101011111010011011100011010011110100101101001110100100010110011010011 '
b11100001110110111110010111000011101011000101011101111001010110001001010001000101101100010010100001101111000111011110101011011110 "
b11100001110110111110010111000011101011000101011101111001010110001001010001000101101100010010100001101111000111011110101011011110 %
b100 P
b1011010 O
#911000
b11101011111111111111011111010111 M
b100 P
#920000
b10101010010011111000110101010100 1
b1001001100111110000110010010010 :
b10001011110011111010000100010 C
b10000010110011101010011100000100000100010111100111110100001000100100100110011111000011001001001010101010010011111000110101010100 !
b10000010110011101010011100000100000100010111100111110100001000100100100110011111000011001001001010101010010011111000110101010100 (
b10000010110011101010011100000100 L
b10100010111010101101101101000101 G
b11011111111000111100101110111111 E
b1000001000011110000010010000010 >
b11010000011010101110111110100000 <
b1000001101100000100010010000011 5
b111111011101100100000001111 3
b11101011001010011001110111010110 ,
b10111111001001011110111101111110 *
b0 #
b0 &
b0 +
b0 4
b0 =
b0 F
b10100010111010101101101101000101010000010000111100000100100000100100000110110000010001001000001111101011001010011001110111010110 $
b10100010111010101101101101000101010000010000111100000100100000100100000110110000010001001000001111101011001010011001110111010110 '
b11011111111000111100101110111111110100000110101011101111101000000000011111101110110010000000111110111111001001011110111101111110 "
b11011111111000111100101110111111110100000110101011101111101000000000011111101110110010000000111110111111001001011110111101111110 %
b100 P
b1011011 O
#921000
b10000010110011101010011100000100 M
b100 P
#930000
b1101000000010001111101011010000 1
b10011001001101001100111100110010 :
b10001101101100110000000100011100 C
b1001010101011000110010010010101100011011011001100000001000111001001100100110100110011110011001001101000000010001111101011010000 !
b1001010101011000110010010010101100011011011001100000001000111001001100100110100110011110011001001101000000010001111101011010000 (
b1001010101011000110010010010101 L
b1001110000100001111111010011100 G
b10011000101111010110001100110001 E
b101000010011100101100001010000 >
b10110110000000010101100101101100 <
b11100011001100100011101111000110 5
b1111100011001110000101011111000 3
b111010100101000001000001110101 ,
b10100010100111010000101101000101 *
b1 #
b1 &
b1 +
b1 4
b1 =
b1 F
b1001110000100001111111010011100001010000100111001011000010100001110001100110010001110111100011000111010100101000001000001110101 $
b1001110000100001111111010011100001010000100111001011000010100001110001100110010001110111100011000111010100101000001000001110101 '
b10011000101111010110001100110001101101100000000101011001011011000111110001100111000010101111100010100010100111010000101101000101 "
b10011000101111010110001100110001101101100000000101011001011011000111110001100111000010101111100010100010100111010000101101000101 %
b100 P
b1011100 O
#931000
b1001010101011000110010010010101 M
b100 P
#940000
b1010111111011110011111010101111 1
b1111101111111110110011011111011 :
b1101111111010001111111011011111 C
b11010101010111111111111110101010011011111110100011111110110111110111110111111111011001101111101101010111111011110011111010101111 !
b11010101010111111111111110101010011011111110100011111110110111110111110111111111011001101111101101010111111011110011111010101111 (
b11010101010111111111111110101010 L
b10010100000001111111000100101000 G
b11010101010111000000111110101010 E
b1000010111010000111010010000101 >
b1101111001000001001111011011110 <
b1011001010110110100000010110010 5
b110100111001000110011001101001 3
b111001011010010110000001110 ,
b1010111111000110001111010101111 *
b11 #
b11 &
b11 +
b11 4
b11 =
b11 F
b10010100000001111111000100101000010000101110100001110100100001010101100101011011010000001011001000000111001011010010110000001110 $
b10010100000001111111000100101000010000101110100001110100100001010101100101011011010000001011001000000111001011010010110000001110 '
b11010101010111000000111110101010011011110010000010011110110111100011010011100100011001100110100101010111111000110001111010101111 "
b11010101010111000000111110101010011011110010000010011110110111100011010011100100011001100110100101010111111000110001111010101111 %
b100 P
b1011101 O
#941000
b11010101010111111111111110101010 M
b100 P
#950000
b11111110111011100011101111111101 L
b11100101110111110111111111001011 C
b1111101111110110111111011111011 :
b11111110111011100011101111111101111001011101111101111111110010110111110111111011011111101111101111101101111001110101100111011011 !
b11111110111011100011101111111101111001011101111101111111110010110111110111111011011111101111101111101101111001110101100111011011 (
b11101101111001110101100111011011 1
b10111000111001100001001101110001 G
b1100110010010000010100011001100 E
b11100001000100010100110111000010 >
b1000101110011110111001010001011 <
b1111101111010110111110011111011 5
b1011101000100010001101010111010 3
b11101001111001110101000111010011 ,
b11001101001000000000100110011010 *
b10111000111001100001001101110001111000010001000101001101110000100111110111101011011111001111101111101001111001110101000111010011 $
b10111000111001100001001101110001111000010001000101001101110000100111110111101011011111001111101111101001111001110101000111010011 '
b1100110010010000010100011001100010001011100111101110010100010110101110100010001000110101011101011001101001000000000100110011010 "
b1100110010010000010100011001100010001011100111101110010100010110101110100010001000110101011101011001101001000000000100110011010 %
b100 P
b1011110 O
#951000
b11111110111011100011101111111101 M
b100 P
#960000
b11101110100000000010001111011100 1
b10101000000111011000110101010000 :
b1101000010011111110000011001 C
b11101001011100010010011111010010000011010000100111111100000110011010100000011101100011010101000011101110100000000010001111011100 !
b11101001011100010010011111010010000011010000100111111100000110011010100000011101100011010101000011101110100000000010001111011100 (
b11101001011100010010011111010010 L
b10101010000111010111001101010100 G
b111111010100111011010001111110 E
b10101100101010010110001101011001 >
b1100000011000001001100011000000 <
b1001000100000011011110010010001 5
b1011111100110111101000010111111 3
b111101111000110100100001111011 ,
b10110000100111001101101101100001 *
b0 #
b0 &
b0 +
b0 4
b0 =
b0 F
b10101010000111010111001101010100101011001010100101100011010110010100100010000001101111001001000100111101111000110100100001111011 $
b10101010000111010111001101010100101011001010100101100011010110010100100010000001101111001001000100111101111000110100100001111011 '
b111111010100111011010001111110011000000110000010011000110000000101111110011011110100001011111110110000100111001101101101100001 "
b111111010100111011010001111110011000000110000010011000110000000101111110011011110100001011111110110000100111001101101101100001 %
b100 P
b1011111 O
#961000
b11101001011100010010011111010010 M
b100 P
#970000
b110000111000111010101001100010 1
b11010000100001001101100110100001 :
b1010001000011110101111010100010 C
b10001111011010110111010100011110010100010000111101011110101000101101000010000100110110011010000100110000111000111010101001100010 !
b10001111011010110111010100011110010100010000111101011110101000101101000010000100110110011010000100110000111000111010101001100010 (
b10001111011010110111010100011110 L
b111011100100110100101001110111 G
b11001010111111101011111110010101 E
b11011100110111101010000110111001 >
b101101111011100000000001011011 <
b11000001101101011101010110000011 5
b10010010001110101010111100100100 3
b11110011111110100111110111100111 ,
b100100110111100010100001001001 *
b1 #
b1 &
b1 +
b1 4
b1 =
b1 F
b111011100100110100101001110111110111001101111010100001101110011100000110110101110101011000001111110011111110100111110111100111 $
b111011100100110100101001110111110111001101111010100001101110011100000110110101110101011000001111110011111110100111110111100111 '
b11001010111111101011111110010101001011011110111000000000010110111001001000111010101011110010010000100100110111100010100001001001 "
b11001010111111101011111110010101001011011110111000000000010110111001001000111010101011110010010000100100110111100010100001001001 %
b100 P
b1100000 O
#971000
b10001111011010110111010100011110 M
b100 P
#980000
b11000010000010000110111110000101 L
b10101000011011110110101101010001 C
b1111000110101001000000011110010 :
b11000010000010000110111110000101101010000110111101101011010100010111100011010100100000001111001010011011010010101011000100110111 !
b11000010000010000110111110000101101010000110111101101011010100010111100011010100100000001111001010011011010010101011000100110111 (
b10011011010010101011000100110111 1
b10011111111110111000000100111111 G
b1100010000000111111000011000100 E
b1010101101110100100100010101011 >
b11111110001010011011001111111100 <
b1001011001000110000000010010 5
b10000010001110001110000100000100 3
b1010111111000011010111010101111 ,
b11110011001011000101111111100110 *
b10011111111110111000000100111111010101011011101001001000101010110000100101100100011000000001001001010111111000011010111010101111 $
b10011111111110111000000100111111010101011011101001001000101010110000100101100100011000000001001001010111111000011010111010101111 '
b1100010000000111111000011000100111111100010100110110011111111001000001000111000111000010000010011110011001011000101111111100110 "
b1100010000000111111000011000100111111100010100110110011111111001000001000111000111000010000010011110011001011000101111111100110 %
b100 P
b1100001 O
#981000
b11000010000010000110111110000101 M
b100 P
#990000
b1111111110010010111001100000000 L
b11011100100000101011001110111001 C
b11010000111100110001100110100010 :
b1111111110010010111001100000000110111001000001010110011101110011101000011110011000110011010001000001100001111000111111000011001 !
b1111111110010010111001100000000110111001000001010110011101110011101000011110011000110011010001000001100001111000111111000011001 (
b1100001111000111111000011001 1
b1110001011010010100100011100010 G
b11110001001100101011101111100010 E
b11011101100001101011011110111011 >
b10111010000010010110101101110100 <
b1111111011100111100101011111110 5
b1010000011001101110010010100000 3
b10101101010011011001101101011010 ,
b10111001100010100001100101110011 *
b1110001011010010100100011100010110111011000011010110111101110110111111101110011110010101111111010101101010011011001101101011010 $
b1110001011010010100100011100010110111011000011010110111101110110111111101110011110010101111111010101101010011011001101101011010 '
b11110001001100101011101111100010101110100000100101101011011101000101000001100110111001001010000010111001100010100001100101110011 "
b11110001001100101011101111100010101110100000100101101011011101000101000001100110111001001010000010111001100010100001100101110011 %
b100 P
b1100010 O
#991000
b1111111110010010111001100000000 M
b100 P
#1000000
b11001111110110111110111110011111 1
b11111001000101111100101111110010 :
b11011111111111010111111110111111 C
b11111010000010101010111111110100110111111111110101111111101111111111100100010111110010111111001011001111110110111110111110011111 !
b11111010000010101010111111110100110111111111110101111111101111111111100100010111110010111111001011001111110110111110111110011111 (
b11111010000010101010111111110100 L
b101010000010001010110001010100 G
b11011010000010100000111110110100 E
b11010101101111000010011110101011 >
b11011110111010010111101110111101 <
b11111001000100011000100111110010 5
b10001000000101111100101100010000 3
b11001111110110111110110110011111 ,
b1001100000100111110001010011000 *
b11 #
b11 &
b11 +
b11 4
b11 =
b11 F
b101010000010001010110001010100110101011011110000100111101010111111100100010001100010011111001011001111110110111110110110011111 $
b101010000010001010110001010100110101011011110000100111101010111111100100010001100010011111001011001111110110111110110110011111 '
b11011010000010100000111110110100110111101110100101111011101111011000100000010111110010110001000001001100000100111110001010011000 "
b11011010000010100000111110110100110111101110100101111011101111011000100000010111110010110001000001001100000100111110001010011000 %
b100 P
b1100011 O
#1001000
b11111010000010101010111111110100 M
b100 P
#1010000
b1100100 O
